playerID,yearID,stint,teamID,lgID,W,L,G,GS,CG,SHO,SV,IPouts,H,ER,HR,BB,SO,BAOpp,ERA,IBB,WP,HBP,BK,BFP,GF,R,SH,SF,GIDP,IP,WHIP,K/9,BB/9,HR/9,KPct
abadfe01,2012,1,HOU,NL,0,6,37,6,0,0,0,138.0,57,26,6,19,38,0.311,5.09,1.0,4.0,3.0,0,208.0,8.0,27,2.0,1.0,,46.0,1.65,7.43,3.72,1.17,18.27
accarje01,2012,1,CLE,AL,0,0,26,0,0,0,0,106.0,38,18,3,16,28,0.288,4.58,1.0,2.0,0.0,0,152.0,13.0,19,1.0,3.0,,35.33,1.53,7.13,4.08,0.76,18.42
aceveal01,2012,1,BOS,AL,2,10,69,0,0,0,25,252.0,80,50,11,31,75,0.254,5.36,2.0,3.0,6.0,1,361.0,55.0,51,2.0,7.0,,84.0,1.32,8.04,3.32,1.18,20.78
acostma01,2012,1,NYN,NL,1,3,45,0,0,0,1,142.0,48,34,7,25,46,0.259,6.46,1.0,2.0,3.0,0,216.0,7.0,38,1.0,2.0,,47.33,1.54,8.75,4.75,1.33,21.3
adamsmi03,2012,1,TEX,AL,5,3,61,0,0,0,1,157.0,56,19,4,17,45,0.269,3.27,1.0,2.0,3.0,0,228.0,7.0,21,0.0,0.0,,52.33,1.39,7.74,2.92,0.69,19.74
adcocna01,2012,1,KCA,AL,0,3,12,2,0,0,0,104.0,37,9,4,13,22,0.282,2.34,2.0,0.0,1.0,0,148.0,3.0,13,1.0,2.0,,34.67,1.44,5.71,3.37,1.04,14.86
affelje01,2012,1,SFN,NL,1,2,67,0,0,0,3,190.0,57,19,1,23,57,0.241,2.7,1.0,5.0,3.0,0,267.0,10.0,23,4.0,0.0,,63.33,1.26,8.1,3.27,0.14,21.35
alberma01,2012,1,BOS,AL,2,0,40,0,0,0,0,118.0,30,10,6,15,25,0.216,2.29,3.0,0.0,1.0,0,157.0,8.0,14,0.0,2.0,,39.33,1.14,5.72,3.43,1.37,15.92
alvarhe01,2012,1,TOR,AL,9,14,31,31,1,1,0,562.0,216,101,29,54,79,0.29,4.85,2.0,3.0,3.0,1,807.0,0.0,110,2.0,4.0,,187.33,1.44,3.8,2.59,1.39,9.79
anderbr04,2012,1,OAK,AL,4,2,6,6,0,0,0,105.0,29,10,1,7,25,0.225,2.57,1.0,1.0,1.0,0,137.0,0.0,11,0.0,0.0,,35.0,1.03,6.43,1.8,0.26,18.25
arredjo01,2012,1,CIN,NL,6,2,66,0,0,0,1,183.0,50,20,7,34,62,0.225,2.95,2.0,0.0,1.0,2,263.0,17.0,26,2.0,4.0,,61.0,1.38,9.15,5.02,1.03,23.57
arrieja01,2012,1,BAL,AL,3,9,24,18,0,0,0,344.0,122,79,16,35,109,0.272,6.2,3.0,4.0,5.0,0,496.0,1.0,82,3.0,4.0,,114.67,1.37,8.55,2.75,1.26,21.98
arroybr01,2012,1,CIN,NL,12,10,32,32,1,1,0,606.0,209,84,26,35,129,0.267,3.74,1.0,3.0,5.0,0,835.0,0.0,86,7.0,6.0,,202.0,1.21,5.75,1.56,1.16,15.45
atchisc01,2012,1,BOS,AL,2,1,42,0,0,0,0,154.0,42,9,2,9,36,0.223,1.58,3.0,2.0,0.0,0,200.0,7.0,10,1.0,2.0,,51.33,0.99,6.31,1.58,0.35,18.0
avilalu01,2012,1,ATL,NL,1,0,31,0,0,0,0,108.0,27,8,1,10,33,0.211,2.0,1.0,3.0,1.0,1,142.0,2.0,9,3.0,0.0,,36.0,1.03,8.25,2.5,0.25,23.24
axelrdy01,2012,1,CHA,AL,2,2,14,7,0,0,0,153.0,56,31,8,21,40,0.275,5.47,0.0,1.0,4.0,0,231.0,4.0,32,0.0,2.0,,51.0,1.51,7.06,3.71,1.41,17.32
axforjo01,2012,1,MIL,NL,5,8,75,0,0,0,35,208.0,61,36,10,39,93,0.229,4.67,2.0,10.0,2.0,0,310.0,54.0,42,1.0,2.0,,69.33,1.44,12.07,5.06,1.3,30.0
ayalalu01,2012,1,BAL,AL,5,5,66,0,0,0,1,225.0,81,22,7,14,51,0.272,2.64,3.0,2.0,4.0,0,320.0,15.0,27,2.0,2.0,,75.0,1.27,6.12,1.68,0.84,15.94
badenbu01,2012,1,TBA,AL,3,2,66,0,0,0,0,187.0,63,21,6,12,42,0.259,3.03,5.0,1.0,1.0,0,262.0,14.0,24,2.0,4.0,,62.33,1.2,6.06,1.73,0.87,16.03
baileho02,2012,1,CIN,NL,13,10,33,33,2,1,0,624.0,206,85,26,52,168,0.256,3.68,3.0,3.0,8.0,0,874.0,0.0,97,5.0,5.0,,208.0,1.24,7.27,2.25,1.12,19.22
balfogr01,2012,1,OAK,AL,3,2,75,0,0,0,24,224.0,41,21,4,28,72,0.16,2.53,2.0,2.0,1.0,0,289.0,34.0,21,0.0,3.0,,74.67,0.92,8.68,3.37,0.48,24.91
bardda01,2012,1,BOS,AL,5,6,17,10,0,0,0,178.0,60,41,9,43,38,0.271,6.22,1.0,1.0,8.0,2,277.0,2.0,42,2.0,3.0,,59.33,1.74,5.76,6.52,1.37,13.72
bassan01,2012,1,SDN,NL,2,8,24,15,1,0,1,291.0,89,51,10,39,80,0.243,4.73,3.0,5.0,1.0,1,411.0,3.0,59,2.0,2.0,,97.0,1.32,7.42,3.62,0.93,19.46
bastaan01,2012,1,PHI,NL,2,5,65,0,0,0,1,156.0,40,25,7,26,81,0.207,4.33,3.0,5.0,2.0,0,224.0,10.0,26,1.0,2.0,,52.0,1.27,14.02,4.5,1.21,36.16
batismi01,2012,1,NYN,NL,1,3,30,5,0,0,0,140.0,53,25,5,31,34,0.29,4.82,0.0,1.0,1.0,0,220.0,7.0,28,3.0,2.0,,46.67,1.8,6.56,5.98,0.96,15.45
beachbr01,2012,1,ATL,NL,5,5,13,13,1,1,0,243.0,49,18,6,29,68,0.171,2.0,1.0,4.0,1.0,0,319.0,0.0,24,1.0,2.0,,81.0,0.96,7.56,3.22,0.67,21.32
beavabl01,2012,1,SEA,AL,11,11,26,26,0,0,0,457.0,168,75,23,24,67,0.281,4.43,0.0,3.0,10.0,0,638.0,0.0,76,1.0,5.0,,152.33,1.26,3.96,1.42,1.36,10.5
beckejo02,2012,1,BOS,AL,5,11,21,21,0,0,0,382.0,131,74,16,38,94,0.266,5.23,2.0,4.0,5.0,0,547.0,0.0,75,3.0,8.0,,127.33,1.33,6.64,2.69,1.13,17.18
beckejo02,2012,2,LAN,NL,2,3,7,7,0,0,0,129.0,43,14,5,14,38,0.257,2.93,4.0,1.0,0.0,0,183.0,0.0,16,2.0,0.0,,43.0,1.33,7.95,2.93,1.05,20.77
bedarer01,2012,1,PIT,NL,7,14,24,24,0,0,0,377.0,129,70,14,56,118,0.263,5.01,2.0,1.0,3.0,1,557.0,0.0,76,5.0,2.0,,125.67,1.47,8.45,4.01,1.0,21.18
belisma01,2012,1,COL,NL,3,8,80,0,0,0,3,240.0,91,33,5,18,69,0.282,3.71,6.0,1.0,3.0,1,348.0,14.0,36,4.0,0.0,,80.0,1.36,7.76,2.02,0.56,19.83
belisro01,2012,1,LAN,NL,8,1,68,0,0,0,1,213.0,47,20,3,29,69,0.187,2.54,4.0,1.0,4.0,0,286.0,13.0,22,1.0,0.0,,71.0,1.07,8.75,3.68,0.38,24.13
bellhe01,2012,1,MIA,NL,4,5,73,0,0,0,19,191.0,70,36,5,29,59,0.281,5.09,3.0,2.0,2.0,0,286.0,41.0,38,2.0,4.0,,63.67,1.55,8.34,4.1,0.71,20.63
belowdu01,2012,1,DET,AL,2,1,27,1,0,0,0,139.0,49,20,6,8,29,0.28,3.88,0.0,1.0,1.0,1,189.0,7.0,25,2.0,3.0,,46.33,1.23,5.63,1.55,1.17,15.34
benoijo01,2012,1,DET,AL,5,3,73,0,0,0,2,213.0,59,29,14,22,84,0.228,3.68,2.0,2.0,1.0,0,288.0,18.0,31,3.0,3.0,,71.0,1.14,10.65,2.79,1.77,29.17
betanra01,2012,1,COL,NL,1,4,60,0,0,0,31,173.0,53,18,6,12,57,0.241,2.81,4.0,0.0,0.0,1,236.0,53.0,19,2.0,2.0,,57.67,1.13,8.9,1.87,0.94,24.15
billich01,2012,1,LAN,NL,10,9,25,25,0,0,0,449.0,148,59,11,45,128,0.257,3.55,2.0,5.0,5.0,0,634.0,0.0,66,6.0,3.0,,149.67,1.29,7.7,2.71,0.66,20.19
blackni01,2012,1,MIN,AL,4,9,19,19,0,0,0,296.0,143,81,23,26,42,0.34,7.39,0.0,2.0,1.0,0,456.0,0.0,81,2.0,6.0,,98.67,1.71,3.83,2.37,2.1,9.21
blacktr01,2012,2,OAK,AL,6,4,24,15,0,0,0,308.0,91,44,10,30,69,0.238,3.86,1.0,6.0,3.0,3,419.0,5.0,47,1.0,3.0,,102.67,1.18,6.05,2.63,0.88,16.47
blantjo01,2012,1,PHI,NL,8,9,21,20,2,1,0,400.0,141,68,22,18,115,0.266,4.59,2.0,4.0,3.0,0,560.0,1.0,74,6.0,3.0,,133.33,1.19,7.76,1.22,1.49,20.54
blantjo01,2012,2,LAN,NL,2,4,10,10,0,0,0,173.0,66,32,7,16,51,0.291,4.99,3.0,1.0,0.0,0,246.0,0.0,32,2.0,1.0,,57.67,1.42,7.96,2.5,1.09,20.73
blevije01,2012,1,OAK,AL,5,1,63,0,0,0,1,196.0,45,18,7,25,54,0.201,2.48,5.0,2.0,5.0,0,261.0,17.0,20,5.0,2.0,,65.33,1.07,7.44,3.44,0.96,20.69
boggsmi01,2012,1,SLN,NL,4,1,78,0,0,0,0,220.0,56,18,5,21,58,0.211,2.21,3.0,0.0,4.0,0,296.0,12.0,20,6.0,0.0,,73.33,1.05,7.12,2.58,0.61,19.59
bowdemi01,2012,2,CHN,NL,0,0,30,0,0,0,0,110.0,30,12,4,16,29,0.226,2.95,1.0,1.0,1.0,0,154.0,11.0,12,2.0,2.0,,36.67,1.25,7.12,3.93,0.98,18.83
brachbr01,2012,1,SDN,NL,2,4,67,0,0,0,0,200.0,50,28,11,33,75,0.207,3.78,7.0,4.0,2.0,0,280.0,13.0,28,1.0,3.0,,66.67,1.24,10.12,4.45,1.48,26.79
breslcr01,2012,1,ARI,NL,2,0,40,0,0,0,0,130.0,38,13,5,13,42,0.233,2.7,0.0,1.0,1.0,0,180.0,12.0,15,2.0,1.0,,43.33,1.18,8.72,2.7,1.04,23.33
brittza01,2012,1,BAL,AL,5,3,12,11,0,0,0,181.0,61,34,6,32,53,0.26,5.07,3.0,4.0,2.0,0,270.0,0.0,37,0.0,1.0,,60.33,1.54,7.91,4.77,0.9,19.63
brothre01,2012,1,COL,NL,8,2,75,0,0,0,0,203.0,63,29,5,37,83,0.251,3.86,7.0,5.0,1.0,1,295.0,10.0,33,3.0,3.0,,67.67,1.48,11.04,4.92,0.66,28.14
broxtjo01,2012,1,KCA,AL,1,2,35,0,0,0,23,107.0,36,9,1,14,25,0.273,2.27,0.0,0.0,2.0,0,151.0,32.0,11,2.0,1.0,,35.67,1.4,6.31,3.53,0.25,16.56
buchhcl01,2012,1,BOS,AL,11,8,29,29,2,1,0,568.0,187,96,25,64,129,0.263,4.56,2.0,2.0,12.0,2,802.0,0.0,104,5.0,9.0,,189.33,1.33,6.13,3.04,1.19,16.08
buehrma01,2012,1,MIA,NL,13,13,31,31,1,0,0,607.0,197,84,26,40,125,0.258,3.74,3.0,2.0,4.0,0,828.0,0.0,88,14.0,7.0,,202.33,1.17,5.56,1.78,1.16,15.1
bumgama01,2012,1,SFN,NL,16,11,32,32,2,1,0,625.0,183,78,23,49,191,0.234,3.37,6.0,3.0,7.0,2,849.0,0.0,87,7.0,4.0,,208.33,1.11,8.25,2.12,0.99,22.5
burneaj01,2012,1,PIT,NL,16,10,31,31,1,1,0,607.0,189,79,18,62,180,0.246,3.51,1.0,10.0,9.0,0,851.0,0.0,86,5.0,8.0,,202.33,1.24,8.01,2.76,0.8,21.15
burneal01,2012,1,MIN,AL,4,4,67,0,0,0,0,215.0,71,28,4,26,36,0.257,3.52,5.0,6.0,3.0,0,309.0,18.0,33,2.0,2.0,,71.67,1.35,4.52,3.26,0.5,11.65
burnese01,2012,1,WAS,NL,1,2,70,0,0,0,2,170.0,58,15,4,12,57,0.262,2.38,3.0,2.0,3.0,0,239.0,16.0,16,1.0,2.0,,56.67,1.24,9.05,1.91,0.64,23.85
burtoja01,2012,1,MIN,AL,3,2,64,0,0,0,5,186.0,41,15,5,16,55,0.186,2.18,1.0,0.0,5.0,0,245.0,12.0,21,2.0,1.0,,62.0,0.92,7.98,2.32,0.73,22.45
byrdati01,2012,1,NYN,NL,2,2,56,0,0,0,0,92.0,18,15,2,18,34,0.18,4.4,5.0,0.0,1.0,0,125.0,4.0,16,4.0,2.0,,30.67,1.17,9.98,5.28,0.59,27.2
cahiltr01,2012,1,ARI,NL,13,12,32,32,2,1,0,600.0,184,84,16,74,156,0.25,3.78,0.0,10.0,11.0,2,839.0,0.0,93,12.0,6.0,,200.0,1.29,7.02,3.33,0.72,18.59
cainma01,2012,1,SFN,NL,16,5,32,32,2,2,0,658.0,177,68,21,51,193,0.222,2.79,1.0,8.0,9.0,0,876.0,0.0,73,11.0,9.0,,219.33,1.04,7.92,2.09,0.86,22.03
campsh01,2012,1,CHN,NL,3,6,80,0,0,0,2,233.0,79,31,7,21,54,0.261,3.59,4.0,1.0,0.0,0,327.0,21.0,32,1.0,2.0,,77.67,1.29,6.26,2.43,0.81,16.51
capuach01,2012,1,LAN,NL,12,12,33,33,0,0,0,595.0,188,82,25,54,162,0.254,3.72,4.0,6.0,2.0,0,817.0,0.0,91,16.0,4.0,,198.33,1.22,7.35,2.45,1.13,19.83
carpeda02,2012,1,LAA,AL,1,2,28,0,0,0,0,119.0,42,21,6,17,28,0.275,4.76,0.0,2.0,0.0,0,172.0,12.0,21,1.0,1.0,,39.67,1.49,6.35,3.86,1.36,16.28
cashnan01,2012,1,SDN,NL,3,4,33,5,0,0,0,139.0,42,22,5,19,52,0.244,4.27,1.0,2.0,1.0,0,196.0,5.0,23,3.0,1.0,,46.33,1.32,10.1,3.69,0.97,26.53
cecilbr01,2012,1,TOR,AL,2,4,21,9,0,0,0,184.0,70,39,11,23,51,0.294,5.72,0.0,0.0,3.0,0,270.0,2.0,40,3.0,3.0,,61.33,1.52,7.48,3.38,1.61,18.89
cedenxa01,2012,1,HOU,NL,0,1,44,0,0,0,1,93.0,30,13,3,14,36,0.254,3.77,1.0,3.0,1.0,0,138.0,12.0,15,2.0,3.0,,31.0,1.42,10.45,4.06,0.87,26.09
chacijh01,2012,1,COL,NL,3,5,14,14,0,0,0,207.0,80,34,10,32,45,0.288,4.43,0.0,3.0,2.0,0,314.0,0.0,35,1.0,1.0,,69.0,1.62,5.87,4.17,1.3,14.33
chapmar01,2012,1,CIN,NL,5,5,68,0,0,0,38,215.0,35,12,4,23,122,0.141,1.51,0.0,4.0,4.0,0,276.0,52.0,13,0.0,1.0,,71.67,0.81,15.32,2.89,0.5,44.2
chatwty01,2012,1,COL,NL,5,6,19,12,0,0,1,194.0,74,39,9,33,41,0.29,5.43,2.0,4.0,0.0,0,294.0,3.0,43,4.0,2.0,,64.67,1.65,5.71,4.59,1.25,13.95
chenbr01,2012,1,KCA,AL,11,14,34,34,0,0,0,575.0,215,108,33,47,140,0.281,5.07,3.0,5.0,8.0,0,827.0,0.0,114,3.0,5.0,,191.67,1.37,6.57,2.21,1.55,16.93
chenwe02,2012,1,BAL,AL,12,11,32,32,0,0,0,578.0,186,86,29,57,154,0.25,4.02,0.0,2.0,5.0,1,818.0,0.0,97,5.0,8.0,,192.67,1.26,7.19,2.66,1.35,18.83
cishest01,2012,1,MIA,NL,5,2,68,0,0,0,15,191.0,54,19,3,29,68,0.23,2.69,6.0,1.0,6.0,1,275.0,36.0,26,3.0,2.0,,63.67,1.3,9.61,4.1,0.42,24.73
clippty01,2012,1,WAS,NL,2,6,74,0,0,0,32,218.0,55,30,7,29,84,0.204,3.72,2.0,5.0,2.0,0,307.0,42.0,32,3.0,4.0,,72.67,1.16,10.4,3.59,0.87,27.36
cloydty01,2012,1,PHI,NL,2,2,6,6,0,0,0,99.0,33,18,8,7,30,0.26,4.91,0.0,0.0,2.0,0,138.0,0.0,18,2.0,0.0,,33.0,1.21,8.18,1.91,2.18,21.74
cobbal01,2012,1,TBA,AL,11,9,23,23,2,1,0,409.0,130,61,11,40,106,0.254,4.03,2.0,8.0,9.0,1,569.0,0.0,67,3.0,6.0,,136.33,1.25,7.0,2.64,0.73,18.63
cokeph01,2012,1,DET,AL,2,3,66,0,0,0,1,162.0,71,24,5,18,51,0.324,4.0,4.0,3.0,1.0,0,245.0,11.0,28,5.0,2.0,,54.0,1.65,8.5,3.0,0.83,20.82
colemlo01,2012,1,KCA,AL,0,0,42,0,0,0,0,153.0,41,21,10,26,65,0.219,3.71,3.0,1.0,1.0,0,217.0,18.0,23,3.0,0.0,,51.0,1.31,11.47,4.59,1.76,29.95
colliti01,2012,1,KCA,AL,5,4,72,0,0,0,0,209.0,55,26,8,34,93,0.216,3.36,8.0,3.0,2.0,0,295.0,9.0,29,3.0,1.0,,69.67,1.28,12.01,4.39,1.03,31.53
collmjo01,2012,1,ARI,NL,5,3,28,11,0,0,0,271.0,92,37,13,22,80,0.264,3.69,2.0,1.0,0.0,0,375.0,7.0,39,5.0,0.0,,90.33,1.26,7.97,2.19,1.3,21.33
colonba01,2012,1,OAK,AL,10,9,24,24,0,0,0,457.0,161,58,17,23,91,0.266,3.43,3.0,0.0,1.0,0,636.0,0.0,62,3.0,4.0,,152.33,1.21,5.38,1.36,1.0,14.31
cookaa01,2012,1,BOS,AL,4,11,18,18,1,1,0,282.0,117,59,15,21,20,0.304,5.65,1.0,2.0,1.0,0,411.0,0.0,68,2.0,2.0,,94.0,1.47,1.91,2.01,1.44,4.87
cookry01,2012,1,OAK,AL,6,2,71,0,0,0,14,220.0,42,17,4,27,80,0.166,2.09,4.0,4.0,4.0,0,288.0,23.0,18,3.0,1.0,,73.33,0.94,9.82,3.31,0.49,27.78
corbipa01,2012,1,ARI,NL,6,8,22,17,0,0,1,321.0,117,54,14,25,86,0.28,4.54,2.0,1.0,4.0,0,454.0,3.0,56,2.0,5.0,,107.0,1.33,7.23,2.1,1.18,18.94
cordefr01,2012,1,TOR,AL,3,5,41,0,0,0,2,103.0,48,22,7,14,26,0.34,5.77,3.0,4.0,1.0,0,160.0,17.0,24,4.0,0.0,,34.33,1.81,6.82,3.67,1.84,16.25
corpama01,2012,1,CHN,NL,0,2,48,0,0,0,0,140.0,50,26,7,16,28,0.273,5.01,3.0,1.0,5.0,0,205.0,11.0,27,1.0,0.0,,46.67,1.41,5.4,3.09,1.35,13.66
correke01,2012,1,PIT,NL,12,11,32,28,0,0,0,513.0,176,80,20,46,89,0.267,4.21,2.0,2.0,3.0,0,728.0,0.0,89,14.0,7.0,,171.0,1.3,4.68,2.42,1.05,12.23
crainje01,2012,1,CHA,AL,2,3,51,0,0,0,0,144.0,29,13,5,23,60,0.171,2.44,1.0,4.0,1.0,0,194.0,6.0,14,0.0,0.0,,48.0,1.08,11.25,4.31,0.94,30.93
crowaa01,2012,1,KCA,AL,3,1,73,0,0,0,2,194.0,54,25,4,22,65,0.231,3.48,2.0,4.0,1.0,0,260.0,20.0,27,1.0,2.0,,64.67,1.18,9.05,3.06,0.56,25.0
cruzju02,2012,1,PIT,NL,1,1,43,0,0,0,3,107.0,39,11,3,19,33,0.289,2.78,0.0,1.0,3.0,0,162.0,11.0,12,2.0,3.0,,35.67,1.63,8.33,4.79,0.76,20.37
cruzrh01,2012,1,HOU,NL,1,1,52,0,0,0,0,165.0,65,37,8,29,46,0.297,6.05,0.0,3.0,2.0,0,253.0,26.0,38,1.0,2.0,,55.0,1.71,7.53,4.75,1.31,18.18
cuetojo01,2012,1,CIN,NL,19,9,33,33,2,0,0,651.0,205,67,15,49,170,0.252,2.78,5.0,1.0,12.0,3,888.0,0.0,73,6.0,6.0,,217.0,1.17,7.05,2.03,0.62,19.14
danksjo01,2012,1,CHA,AL,3,4,9,9,0,0,0,161.0,57,34,7,23,30,0.273,5.7,0.0,5.0,1.0,0,238.0,0.0,35,3.0,2.0,,53.67,1.49,5.03,3.86,1.17,12.61
darviyu01,2012,1,TEX,AL,16,9,29,29,0,0,0,574.0,156,83,14,89,221,0.22,3.9,1.0,8.0,10.0,0,816.0,0.0,89,2.0,7.0,,191.33,1.28,10.4,4.19,0.66,27.08
daviswa01,2012,1,TBA,AL,3,0,54,0,0,0,0,211.0,48,19,5,29,87,0.189,2.43,2.0,2.0,0.0,0,284.0,15.0,20,0.0,1.0,,70.33,1.09,11.13,3.71,0.64,30.63
dedunsa01,2012,1,MIN,AL,6,5,15,15,0,0,0,237.0,69,39,10,53,57,0.241,4.44,0.0,5.0,5.0,0,347.0,0.0,40,1.0,2.0,,79.0,1.54,6.49,6.04,1.14,16.43
delabst01,2012,1,SEA,AL,2,1,34,0,0,0,0,110.0,23,17,9,11,46,0.177,4.17,1.0,3.0,5.0,0,148.0,11.0,17,2.0,0.0,,36.67,0.93,11.29,2.7,2.21,31.08
delgara01,2012,1,ATL,NL,4,9,18,17,0,0,0,278.0,89,45,8,42,76,0.256,4.37,4.0,5.0,4.0,1,401.0,0.0,48,5.0,3.0,,92.67,1.41,7.38,4.08,0.78,18.95
dempsry01,2012,1,CHN,NL,5,5,16,16,0,0,0,312.0,81,26,9,27,83,0.21,2.25,0.0,0.0,1.0,1,417.0,0.0,28,2.0,1.0,,104.0,1.04,7.18,2.34,0.78,19.9
dempsry01,2012,2,TEX,AL,7,3,12,12,0,0,0,207.0,74,39,10,25,70,0.276,5.09,0.0,2.0,1.0,0,300.0,0.0,43,3.0,3.0,,69.0,1.43,9.13,3.26,1.3,23.33
detwiro01,2012,1,WAS,NL,10,8,33,27,0,0,0,493.0,149,62,15,52,105,0.241,3.4,0.0,4.0,5.0,1,686.0,1.0,75,8.0,3.0,,164.33,1.22,5.75,2.85,0.82,15.31
devrico01,2012,1,MIN,AL,5,5,17,16,0,0,0,263.0,88,40,16,18,58,0.252,4.11,0.0,1.0,4.0,0,375.0,1.0,48,4.0,0.0,,87.67,1.21,5.95,1.85,1.64,15.47
diamosc01,2012,1,MIN,AL,12,9,27,27,1,1,0,519.0,184,68,17,31,90,0.274,3.54,2.0,10.0,4.0,0,714.0,0.0,76,3.0,5.0,,173.0,1.24,4.68,1.61,0.88,12.61
dickera01,2012,1,NYN,NL,20,6,34,33,5,3,0,701.0,192,71,24,54,230,0.226,2.73,2.0,4.0,9.0,1,927.0,1.0,78,9.0,7.0,,233.67,1.05,8.86,2.08,0.92,24.81
dillati01,2012,1,MIL,NL,0,2,34,0,0,0,0,111.0,45,18,3,14,29,0.302,4.38,2.0,0.0,1.0,0,166.0,15.0,21,2.0,0.0,,37.0,1.59,7.05,3.41,0.73,17.47
dolisra01,2012,1,CHN,NL,2,4,34,0,0,0,4,114.0,40,27,5,23,24,0.278,6.39,1.0,1.0,3.0,0,173.0,15.0,29,2.0,1.0,,38.0,1.66,5.68,5.45,1.18,13.87
doolise01,2012,1,OAK,AL,2,1,44,0,0,0,1,142.0,40,16,3,11,60,0.227,3.04,1.0,0.0,0.0,0,191.0,7.0,18,2.0,2.0,,47.33,1.08,11.41,2.09,0.57,31.41
doteloc01,2012,1,DET,AL,5,3,57,0,0,0,1,174.0,50,23,3,12,62,0.23,3.57,4.0,2.0,1.0,0,234.0,15.0,23,2.0,2.0,,58.0,1.07,9.62,1.86,0.47,26.5
doubrfe01,2012,1,BOS,AL,11,10,29,29,0,0,0,483.0,162,87,24,71,167,0.259,4.86,0.0,5.0,5.0,0,709.0,0.0,95,1.0,6.0,,161.0,1.45,9.34,3.97,1.34,23.55
downssc01,2012,1,LAA,AL,1,1,57,0,0,0,9,137.0,43,16,3,17,32,0.246,3.15,2.0,1.0,0.0,0,194.0,11.0,17,0.0,2.0,,45.67,1.31,6.31,3.35,0.59,16.49
drabeky01,2012,1,TOR,AL,4,7,13,13,0,0,0,214.0,67,37,10,47,47,0.25,4.67,0.0,7.0,1.0,0,317.0,0.0,41,0.0,1.0,,71.33,1.6,5.93,5.93,1.26,14.83
duensbr01,2012,1,MIN,AL,4,12,55,11,0,0,0,327.0,126,62,10,27,69,0.288,5.12,3.0,5.0,2.0,0,472.0,8.0,71,2.0,3.0,,109.0,1.4,5.7,2.23,0.83,14.62
dunnmi01,2012,1,MIA,NL,0,3,60,0,0,0,1,132.0,49,24,3,29,47,0.283,4.91,8.0,2.0,0.0,0,208.0,8.0,31,2.0,4.0,,44.0,1.77,9.61,5.93,0.61,22.6
durbich01,2012,1,ATL,NL,4,1,76,0,0,0,1,183.0,52,21,9,28,49,0.231,3.1,3.0,1.0,0.0,0,257.0,19.0,25,2.0,2.0,,61.0,1.31,7.23,4.13,1.33,19.07
elbersc01,2012,1,LAN,NL,1,1,43,0,0,0,0,98.0,27,8,3,13,29,0.231,2.2,1.0,3.0,1.0,0,133.0,12.0,8,0.0,2.0,,32.67,1.22,7.99,3.58,0.83,21.8
eovalna01,2012,1,LAN,NL,1,6,10,10,0,0,0,169.0,63,26,5,20,34,0.289,4.15,2.0,1.0,0.0,0,241.0,0.0,27,0.0,3.0,,56.33,1.47,5.43,3.2,0.8,14.11
eovalna01,2012,2,MIA,NL,3,7,12,12,0,0,0,189.0,70,31,5,27,44,0.279,4.43,1.0,0.0,3.0,0,285.0,0.0,32,1.0,3.0,,63.0,1.54,6.29,3.86,0.71,15.44
eppleco01,2012,1,NYA,AL,1,2,59,0,0,0,0,138.0,46,17,3,17,32,0.266,3.33,2.0,2.0,0.0,0,194.0,14.0,19,4.0,0.0,,46.0,1.37,6.26,3.33,0.59,16.49
estrama01,2012,1,MIL,NL,5,7,29,23,0,0,0,415.0,129,56,18,29,143,0.247,3.64,0.0,4.0,0.0,1,562.0,0.0,62,7.0,3.0,,138.33,1.14,9.3,1.89,1.17,25.44
evelada01,2012,1,BAL,AL,0,1,14,2,0,0,0,97.0,32,17,3,13,18,0.256,4.73,3.0,0.0,5.0,0,145.0,6.0,18,0.0,2.0,,32.33,1.39,5.01,3.62,0.84,12.41
feldmsc01,2012,1,TEX,AL,6,11,29,21,0,0,0,371.0,139,70,14,32,96,0.279,5.09,2.0,2.0,1.0,1,536.0,5.0,79,0.0,5.0,,123.67,1.38,6.99,2.33,1.02,17.91
felizne01,2012,1,TEX,AL,3,1,8,7,1,0,0,128.0,28,15,5,23,37,0.187,3.16,0.0,0.0,2.0,0,175.0,0.0,15,0.0,0.0,,42.67,1.2,7.8,4.85,1.05,21.14
fienca01,2012,1,MIN,AL,2,1,35,0,0,0,0,105.0,25,8,3,9,32,0.195,2.06,4.0,0.0,1.0,0,141.0,7.0,9,1.0,2.0,,35.0,0.97,8.23,2.31,0.77,22.7
fiersmi01,2012,1,MIL,NL,9,10,23,22,0,0,0,383.0,125,53,12,36,135,0.254,3.74,0.0,4.0,2.0,0,539.0,1.0,56,4.0,4.0,,127.67,1.26,9.52,2.54,0.85,25.05
fistedo01,2012,1,DET,AL,10,10,26,26,2,1,0,485.0,156,62,15,37,137,0.249,3.45,1.0,1.0,7.0,0,673.0,0.0,73,3.0,0.0,,161.67,1.19,7.63,2.06,0.84,20.36
floydga01,2012,1,CHA,AL,12,11,29,29,0,0,0,504.0,166,80,22,63,144,0.259,4.29,2.0,8.0,14.0,0,724.0,0.0,84,3.0,3.0,,168.0,1.36,7.71,3.38,1.18,19.89
francfr01,2012,1,NYN,NL,1,3,48,0,0,0,23,127.0,47,26,5,21,47,0.269,5.53,1.0,2.0,0.0,1,197.0,38.0,27,0.0,1.0,,42.33,1.61,9.99,4.46,1.06,23.86
francje01,2012,1,COL,NL,6,7,24,24,0,0,0,339.0,145,70,15,22,76,0.316,5.58,5.0,2.0,8.0,0,502.0,0.0,71,10.0,3.0,,113.0,1.48,6.05,1.75,1.19,15.14
frasoja01,2012,1,TOR,AL,1,1,50,0,0,0,0,131.0,42,20,6,22,53,0.256,4.12,1.0,5.0,2.0,1,191.0,9.0,20,1.0,2.0,,43.67,1.47,10.92,4.53,1.24,27.75
friedch01,2012,1,COL,NL,5,8,16,16,0,0,0,254.0,102,58,14,30,74,0.303,6.17,0.0,8.0,2.0,0,377.0,0.0,61,6.0,2.0,,84.67,1.56,7.87,3.19,1.49,19.63
frierer01,2012,2,LAA,AL,4,2,56,0,0,0,23,163.0,26,14,7,26,80,0.14,2.32,0.0,1.0,5.0,0,219.0,46.0,15,1.0,1.0,,54.33,0.96,13.25,4.31,1.16,36.53
furbuch01,2012,1,SEA,AL,5,2,48,0,0,0,0,139.0,28,14,3,16,53,0.174,2.72,4.0,5.0,2.0,0,182.0,8.0,15,2.0,1.0,,46.33,0.95,10.3,3.11,0.58,29.12
gallayo01,2012,1,MIL,NL,16,9,33,33,0,0,0,612.0,185,83,26,81,204,0.243,3.66,3.0,5.0,0.0,0,860.0,0.0,86,11.0,6.0,,204.0,1.3,9.0,3.57,1.15,23.72
garcifr02,2012,1,NYA,AL,7,6,30,17,0,0,0,322.0,112,62,18,35,89,0.27,5.2,2.0,10.0,3.0,1,461.0,10.0,64,4.0,4.0,,107.33,1.37,7.46,2.93,1.51,19.31
garcija01,2012,1,SFN,NL,7,6,73,0,0,0,25,190.0,55,20,8,22,55,0.224,2.84,4.0,1.0,2.0,0,272.0,37.0,24,2.0,1.0,,63.33,1.22,7.82,3.13,1.14,20.22
garcija02,2012,1,SLN,NL,7,7,20,20,0,0,0,365.0,136,53,7,30,98,0.289,3.92,1.0,12.0,0.0,1,515.0,0.0,58,8.0,7.0,,121.67,1.36,7.25,2.22,0.52,19.03
garzama01,2012,1,CHN,NL,5,7,18,18,0,0,0,311.0,90,45,15,32,96,0.236,3.91,0.0,1.0,4.0,0,424.0,0.0,48,5.0,1.0,,103.67,1.18,8.33,2.78,1.3,22.64
gaudich01,2012,1,MIA,NL,4,2,46,0,0,0,0,208.0,72,35,6,26,57,0.274,4.54,5.0,3.0,3.0,1,302.0,11.0,39,8.0,2.0,,69.33,1.41,7.4,3.38,0.78,18.87
geedi01,2012,1,NYN,NL,6,7,17,17,0,0,0,329.0,108,50,12,29,97,0.255,4.1,0.0,0.0,6.0,1,463.0,0.0,56,2.0,3.0,,109.67,1.25,7.96,2.38,0.98,20.95
germaju01,2012,2,CHN,NL,2,10,13,12,0,0,0,192.0,81,48,7,19,45,0.309,6.75,2.0,4.0,7.0,0,296.0,0.0,52,5.0,3.0,,64.0,1.56,6.33,2.67,0.98,15.2
gomezje01,2012,1,CLE,AL,5,8,20,17,0,0,0,272.0,95,60,15,34,47,0.273,5.96,5.0,2.0,4.0,0,395.0,1.0,66,2.0,7.0,,90.67,1.42,4.67,3.37,1.49,11.9
gonzagi01,2012,1,WAS,NL,21,8,32,32,2,1,0,598.0,149,64,9,76,207,0.206,2.89,3.0,10.0,5.0,1,822.0,0.0,69,9.0,7.0,,199.33,1.13,9.35,3.43,0.41,25.18
gonzami02,2012,1,WAS,NL,0,0,47,0,0,0,0,107.0,31,12,2,16,39,0.237,3.03,0.0,2.0,0.0,1,151.0,13.0,14,3.0,1.0,,35.67,1.32,9.84,4.04,0.5,25.83
gonzami03,2012,1,BAL,AL,9,4,18,15,0,0,0,316.0,92,38,13,35,77,0.235,3.25,2.0,3.0,5.0,2,434.0,0.0,38,1.0,2.0,,105.33,1.21,6.58,2.99,1.11,17.74
gorzeto01,2012,1,WAS,NL,4,2,45,1,0,0,1,216.0,65,23,7,30,62,0.242,2.88,1.0,4.0,2.0,0,306.0,11.0,27,3.0,2.0,,72.0,1.32,7.75,3.75,0.88,20.26
grayje02,2012,1,MIN,AL,6,1,49,0,0,0,0,156.0,58,33,9,22,26,0.278,5.71,0.0,5.0,4.0,1,236.0,11.0,34,0.0,1.0,,52.0,1.54,4.5,3.81,1.56,11.02
gregelu01,2012,1,SDN,NL,2,0,77,0,0,0,9,215.0,57,19,7,21,72,0.215,2.39,3.0,3.0,3.0,0,294.0,15.0,19,5.0,0.0,,71.67,1.09,9.04,2.64,0.88,24.49
greggke01,2012,1,BAL,AL,3,2,40,0,0,0,0,131.0,50,24,6,24,37,0.291,4.95,2.0,0.0,3.0,0,200.0,13.0,26,0.0,1.0,,43.67,1.69,7.63,4.95,1.24,18.5
greinza01,2012,1,MIL,NL,9,3,21,21,0,0,0,369.0,120,47,7,28,122,0.254,3.44,0.0,4.0,0.0,0,504.0,0.0,49,3.0,0.0,,123.0,1.2,8.93,2.05,0.51,24.21
greinza01,2012,2,LAA,AL,6,2,13,13,0,0,0,268.0,80,35,11,26,78,0.242,3.53,0.0,4.0,2.0,0,364.0,0.0,35,4.0,2.0,,89.33,1.19,7.86,2.62,1.11,21.43
griffaj01,2012,1,OAK,AL,7,1,15,15,0,0,0,247.0,74,28,10,19,64,0.236,3.06,0.0,0.0,1.0,0,336.0,0.0,29,0.0,2.0,,82.33,1.13,7.0,2.08,1.09,19.05
grillja01,2012,1,PIT,NL,1,6,64,0,0,0,2,176.0,45,19,7,22,90,0.207,2.91,4.0,0.0,2.0,0,244.0,11.0,20,2.0,1.0,,58.67,1.14,13.81,3.37,1.07,36.89
guerrja01,2012,1,LAN,NL,2,3,45,0,0,0,8,135.0,44,13,1,23,37,0.265,2.6,5.0,1.0,1.0,0,196.0,17.0,13,4.0,2.0,,45.0,1.49,7.4,4.6,0.2,18.88
guthrje01,2012,1,COL,NL,3,9,19,15,0,0,0,272.0,122,64,21,31,45,0.324,6.35,2.0,1.0,7.0,1,422.0,0.0,72,5.0,3.0,,90.67,1.69,4.47,3.08,2.08,10.66
guthrje01,2012,2,KCA,AL,5,3,14,14,0,0,0,273.0,84,32,9,19,56,0.248,3.16,0.0,1.0,2.0,1,366.0,0.0,37,3.0,3.0,,91.0,1.13,5.54,1.88,0.89,15.3
hallaro01,2012,1,PHI,NL,11,8,25,25,0,0,0,469.0,155,78,18,36,132,0.261,4.49,0.0,2.0,5.0,0,646.0,0.0,78,5.0,6.0,,156.33,1.22,7.6,2.07,1.04,20.43
hamelco01,2012,1,PHI,NL,17,6,31,31,2,2,0,646.0,190,73,24,52,216,0.237,3.05,3.0,3.0,3.0,2,867.0,0.0,80,6.0,4.0,,215.33,1.12,9.03,2.17,1.0,24.91
hammeja01,2012,1,BAL,AL,8,6,20,20,1,1,0,354.0,104,45,9,42,113,0.234,3.43,2.0,3.0,2.0,0,493.0,0.0,48,3.0,1.0,,118.0,1.24,8.62,3.2,0.69,22.92
hanrajo01,2012,1,PIT,NL,5,2,63,0,0,0,36,179.0,40,18,8,36,67,0.187,2.72,0.0,6.0,1.0,0,254.0,57.0,18,3.0,0.0,,59.67,1.27,10.11,5.43,1.21,26.38
hansoto01,2012,1,ATL,NL,13,10,31,31,0,0,0,524.0,183,87,27,71,161,0.271,4.48,5.0,6.0,5.0,0,761.0,0.0,95,8.0,2.0,,174.67,1.45,8.3,3.66,1.39,21.16
happja01,2012,1,HOU,NL,7,9,18,18,0,0,0,313.0,112,56,17,39,98,0.275,4.83,0.0,5.0,1.0,0,457.0,0.0,58,7.0,2.0,,104.33,1.45,8.45,3.36,1.47,21.44
happja01,2012,2,TOR,AL,3,2,10,6,0,0,0,121.0,35,21,2,17,46,0.236,4.69,1.0,2.0,1.0,0,170.0,3.0,21,2.0,2.0,,40.33,1.29,10.27,3.79,0.45,27.06
haranaa01,2012,1,LAN,NL,10,10,31,31,0,0,0,539.0,167,72,14,85,131,0.246,3.61,10.0,4.0,4.0,0,786.0,0.0,85,9.0,10.0,,179.67,1.4,6.56,4.26,0.7,16.67
harenda01,2012,1,LAA,AL,12,13,30,30,1,1,0,530.0,190,85,28,38,142,0.275,4.33,3.0,5.0,3.0,1,747.0,0.0,95,7.0,8.0,,176.67,1.29,7.23,1.94,1.43,19.01
harrelu01,2012,1,HOU,NL,11,11,32,32,1,1,0,581.0,185,81,13,78,140,0.253,3.76,5.0,10.0,1.0,3,827.0,0.0,90,8.0,10.0,,193.67,1.36,6.51,3.62,0.6,16.93
harrima01,2012,1,TEX,AL,18,11,32,32,4,2,0,640.0,210,78,22,59,133,0.258,3.29,0.0,2.0,1.0,0,876.0,0.0,82,1.0,2.0,,213.33,1.26,5.61,2.49,0.93,15.18
harvema01,2012,1,NYN,NL,3,5,10,10,0,0,0,178.0,42,18,5,26,70,0.2,2.73,0.0,3.0,3.0,0,245.0,0.0,19,3.0,3.0,,59.33,1.15,10.62,3.94,0.76,28.57
hawkila01,2012,1,LAA,AL,2,3,48,0,0,0,1,126.0,45,17,5,13,23,0.28,3.64,1.0,0.0,0.0,0,178.0,7.0,20,3.0,1.0,,42.0,1.38,4.93,2.79,1.07,12.92
hefneje01,2012,1,NYN,NL,4,7,26,13,0,0,0,281.0,110,53,9,18,62,0.287,5.09,1.0,7.0,2.0,0,408.0,5.0,55,4.0,1.0,,93.67,1.37,5.96,1.73,0.86,15.2
hellije01,2012,1,TBA,AL,10,11,31,31,0,0,0,531.0,163,61,25,59,124,0.243,3.1,3.0,5.0,4.0,0,741.0,0.0,68,4.0,3.0,,177.0,1.25,6.31,3.0,1.27,16.73
hendeji01,2012,1,MIL,NL,1,3,36,0,0,0,3,92.0,26,12,1,13,45,0.23,3.52,0.0,1.0,1.0,0,131.0,6.0,12,1.0,3.0,,30.67,1.27,13.21,3.81,0.29,34.35
hendrli01,2012,1,MIN,AL,1,8,16,16,1,0,0,256.0,106,53,17,26,50,0.305,5.59,3.0,4.0,4.0,0,381.0,0.0,61,3.0,1.0,,85.33,1.55,5.27,2.74,1.79,13.12
henslcl01,2012,1,SFN,NL,4,5,60,0,0,0,3,152.0,50,26,5,30,42,0.258,4.62,2.0,1.0,3.0,0,234.0,14.0,30,4.0,3.0,,50.67,1.58,7.46,5.33,0.89,17.95
hernada01,2012,1,ARI,NL,2,3,72,0,0,0,4,205.0,48,19,4,22,98,0.19,2.5,1.0,4.0,3.0,1,278.0,21.0,21,0.0,1.0,,68.33,1.02,12.91,2.9,0.53,35.25
hernafe02,2012,1,SEA,AL,13,9,33,33,5,5,0,696.0,209,79,14,56,223,0.241,3.06,0.0,13.0,12.0,2,939.0,0.0,84,2.0,2.0,,232.0,1.14,8.65,2.17,0.54,23.75
hernali01,2012,1,ATL,NL,1,1,18,0,0,0,1,93.0,40,17,5,8,19,0.331,4.94,4.0,0.0,0.0,0,136.0,8.0,17,5.0,2.0,,31.0,1.55,5.52,2.32,1.45,13.97
hernali01,2012,2,MIL,NL,3,0,26,0,0,0,0,109.0,44,31,10,8,29,0.306,7.68,0.0,2.0,1.0,0,156.0,9.0,31,2.0,1.0,,36.33,1.43,7.18,1.98,2.48,18.59
herreke01,2012,1,KCA,AL,4,3,76,0,0,0,3,253.0,79,22,4,21,77,0.25,2.35,6.0,3.0,2.0,1,344.0,10.0,24,5.0,0.0,,84.33,1.19,8.22,2.24,0.43,22.38
hochelu01,2012,1,KCA,AL,8,16,32,32,2,1,0,556.0,202,118,27,61,144,0.281,5.73,3.0,8.0,13.0,0,800.0,0.0,127,4.0,3.0,,185.33,1.42,6.99,2.96,1.31,18.0
hollade01,2012,1,TEX,AL,12,7,29,27,0,0,0,526.0,162,91,32,52,145,0.243,4.67,0.0,1.0,3.0,0,730.0,1.0,100,5.0,4.0,,175.33,1.22,7.44,2.67,1.64,19.86
hollagr01,2012,1,KCA,AL,7,4,67,0,0,0,16,201.0,58,22,2,34,91,0.234,2.96,7.0,3.0,0.0,1,289.0,36.0,22,4.0,3.0,,67.0,1.37,12.22,4.57,0.27,31.49
hoovejj01,2012,1,CIN,NL,1,0,28,0,0,0,1,92.0,17,7,2,13,31,0.16,2.05,1.0,0.0,0.0,0,123.0,6.0,7,2.0,2.0,,30.67,0.98,9.1,3.81,0.59,25.2
horstje01,2012,1,PHI,NL,2,0,32,0,0,0,0,94.0,21,4,1,14,40,0.193,1.15,1.0,1.0,1.0,0,125.0,9.0,8,1.0,0.0,,31.33,1.12,11.49,4.02,0.29,32.0
howeljp01,2012,1,TBA,AL,1,0,55,0,0,0,0,151.0,39,17,7,22,42,0.223,3.04,2.0,1.0,4.0,0,203.0,10.0,17,2.0,0.0,,50.33,1.21,7.51,3.93,1.25,20.69
hudsoda01,2012,1,ARI,NL,3,2,9,9,0,0,0,136.0,62,37,9,12,37,0.332,7.35,0.0,2.0,0.0,0,202.0,0.0,37,2.0,1.0,,45.33,1.63,7.35,2.38,1.79,18.32
hudsoti01,2012,1,ATL,NL,16,7,28,28,1,1,0,537.0,168,72,12,48,102,0.248,3.62,2.0,3.0,9.0,0,749.0,0.0,77,10.0,4.0,,179.0,1.21,5.13,2.41,0.6,13.62
hugheja02,2012,1,PIT,NL,2,2,66,0,0,0,2,227.0,65,24,7,22,50,0.226,2.85,4.0,5.0,5.0,0,316.0,20.0,30,1.0,0.0,,75.67,1.15,5.95,2.62,0.83,15.82
hugheph01,2012,1,NYA,AL,16,13,32,32,1,0,0,574.0,196,89,35,46,165,0.259,4.19,0.0,3.0,6.0,0,815.0,0.0,101,1.0,4.0,,191.33,1.26,7.76,2.16,1.65,20.25
humbeph01,2012,1,CHA,AL,5,5,26,16,1,1,0,306.0,113,73,23,44,85,0.276,6.44,1.0,9.0,4.0,0,462.0,6.0,74,1.0,4.0,,102.0,1.54,7.5,3.88,2.03,18.4
hunteto02,2012,1,BAL,AL,7,8,33,20,0,0,0,401.0,161,81,32,27,77,0.302,5.45,2.0,0.0,4.0,1,573.0,5.0,85,3.0,6.0,,133.67,1.41,5.18,1.82,2.15,13.44
hutchdr01,2012,1,TOR,AL,5,3,11,11,0,0,0,176.0,59,30,8,20,49,0.257,4.6,0.0,1.0,5.0,0,257.0,0.0,31,1.0,1.0,,58.67,1.35,7.52,3.07,1.23,19.07
isrinja01,2012,1,LAA,AL,3,2,50,0,0,0,0,137.0,44,21,7,19,31,0.251,4.14,3.0,3.0,0.0,0,198.0,17.0,22,1.0,3.0,,45.67,1.38,6.11,3.74,1.38,15.66
iwakuhi01,2012,1,SEA,AL,9,5,30,16,0,0,2,376.0,117,44,17,43,101,0.248,3.16,3.0,5.0,3.0,0,519.0,6.0,49,1.0,1.0,,125.33,1.28,7.25,3.09,1.22,19.46
jacksed01,2012,1,WAS,NL,10,11,31,31,1,0,0,569.0,173,85,23,58,168,0.243,4.03,5.0,3.0,2.0,0,790.0,0.0,90,9.0,8.0,,189.67,1.22,7.97,2.75,1.09,21.27
janseke01,2012,1,LAN,NL,5,3,65,0,0,0,25,195.0,33,17,6,22,99,0.146,2.35,1.0,3.0,3.0,0,252.0,40.0,18,0.0,1.0,,65.0,0.85,13.71,3.05,0.83,39.29
janssca01,2012,1,TOR,AL,1,1,62,0,0,0,22,191.0,44,18,7,11,67,0.195,2.54,1.0,2.0,3.0,1,242.0,47.0,18,1.0,1.0,,63.67,0.86,9.47,1.55,0.99,27.69
jenkich01,2012,1,TOR,AL,1,3,13,3,0,0,0,96.0,32,16,5,11,16,0.26,4.5,1.0,0.0,1.0,0,136.0,6.0,16,1.0,0.0,,32.0,1.34,4.5,3.09,1.41,11.76
jepseke01,2012,1,LAA,AL,3,2,49,0,0,0,2,134.0,39,15,3,12,38,0.244,3.02,1.0,1.0,2.0,0,178.0,11.0,17,3.0,1.0,,44.67,1.14,7.66,2.42,0.6,21.35
jimenub01,2012,1,CLE,AL,9,17,31,31,0,0,0,530.0,190,106,25,95,143,0.273,5.4,3.0,16.0,8.0,1,805.0,0.0,116,2.0,3.0,,176.67,1.61,7.28,4.84,1.27,17.76
johnsji04,2012,1,BAL,AL,2,1,71,0,0,0,51,206.0,55,19,3,15,41,0.22,2.49,1.0,1.0,3.0,0,269.0,63.0,21,1.0,0.0,,68.67,1.02,5.37,1.97,0.39,15.24
johnsjo09,2012,1,MIA,NL,8,14,31,31,0,0,0,574.0,180,81,14,65,165,0.252,3.81,7.0,5.0,4.0,0,798.0,0.0,84,8.0,8.0,,191.33,1.28,7.76,3.06,0.66,20.68
johnsst02,2012,1,BAL,AL,4,0,12,4,0,0,0,115.0,23,9,4,18,46,0.174,2.11,1.0,1.0,0.0,0,151.0,3.0,9,1.0,0.0,,38.33,1.07,10.8,4.23,0.94,30.46
jonesna01,2012,1,CHA,AL,8,0,65,0,0,0,0,215.0,67,19,4,32,65,0.256,2.39,3.0,5.0,1.0,0,301.0,11.0,19,2.0,4.0,,71.67,1.38,8.16,4.02,0.5,21.59
jurrjja01,2012,1,ATL,NL,3,4,11,10,0,0,0,145.0,72,37,8,18,19,0.35,6.89,0.0,1.0,1.0,0,227.0,1.0,40,2.0,0.0,,48.33,1.86,3.54,3.35,1.49,8.37
karstje01,2012,1,PIT,NL,5,4,19,15,0,0,0,272.0,89,40,8,15,66,0.256,3.97,0.0,3.0,1.0,1,372.0,0.0,41,7.0,1.0,,90.67,1.15,6.55,1.49,0.79,17.74
kellesh01,2012,1,SEA,AL,2,4,47,0,0,0,0,133.0,43,16,5,15,45,0.256,3.25,6.0,2.0,0.0,1,190.0,10.0,20,4.0,3.0,,44.33,1.31,9.14,3.05,1.02,23.68
kellyjo05,2012,1,SLN,NL,5,7,24,16,0,0,0,321.0,112,42,10,36,75,0.271,3.53,2.0,4.0,3.0,0,457.0,4.0,50,4.0,1.0,,107.0,1.38,6.31,3.03,0.84,16.41
kendrky01,2012,1,PHI,NL,11,12,37,25,1,1,0,478.0,154,69,20,49,116,0.254,3.9,4.0,1.0,7.0,0,674.0,2.0,76,8.0,4.0,,159.33,1.27,6.55,2.77,1.13,17.21
kenneia01,2012,1,ARI,NL,15,12,33,33,1,0,0,625.0,216,93,28,55,187,0.266,4.02,4.0,5.0,14.0,4,899.0,0.0,101,13.0,5.0,,208.33,1.3,8.08,2.38,1.21,20.8
kershcl01,2012,1,LAN,NL,14,9,33,33,2,2,0,683.0,170,64,16,63,229,0.21,2.53,5.0,6.0,5.0,2,901.0,0.0,70,18.0,4.0,,227.67,1.02,9.05,2.49,0.63,25.42
keuchda01,2012,1,HOU,NL,3,8,16,16,1,0,0,256.0,93,50,14,39,38,0.286,5.27,1.0,2.0,1.0,0,377.0,0.0,56,9.0,3.0,,85.33,1.55,4.01,4.11,1.48,10.08
kimbrcr01,2012,1,ATL,NL,3,1,63,0,0,0,42,188.0,27,7,3,14,116,0.126,1.01,0.0,5.0,2.0,0,231.0,56.0,7,0.0,0.0,,62.67,0.65,16.66,2.01,0.43,50.22
kinnejo01,2012,1,SEA,AL,0,3,35,0,0,0,1,96.0,24,14,3,15,36,0.209,3.94,3.0,2.0,3.0,0,136.0,8.0,14,1.0,2.0,,32.0,1.22,10.12,4.22,0.84,26.47
kirkmmi01,2012,1,TEX,AL,1,2,28,0,0,0,0,106.0,24,15,5,17,38,0.182,3.82,1.0,2.0,1.0,0,151.0,9.0,16,0.0,1.0,,35.33,1.16,9.68,4.33,1.27,25.17
klubeco01,2012,1,CLE,AL,2,5,12,12,0,0,0,189.0,76,36,9,18,54,0.295,5.14,0.0,2.0,4.0,0,281.0,0.0,44,1.0,0.0,,63.0,1.49,7.71,2.57,1.29,19.22
kontoge01,2012,1,SFN,NL,2,1,44,0,0,0,0,131.0,34,12,3,12,44,0.209,2.47,0.0,1.0,0.0,0,177.0,9.0,15,0.0,2.0,,43.67,1.05,9.07,2.47,0.62,24.86
kurodhi01,2012,1,NYA,AL,16,11,33,33,3,2,0,659.0,205,81,25,51,167,0.249,3.32,2.0,13.0,8.0,0,891.0,0.0,86,7.0,3.0,,219.67,1.17,6.84,2.09,1.02,18.74
laffeaa01,2012,1,TOR,AL,4,6,22,16,0,0,0,302.0,100,51,17,37,48,0.26,4.56,1.0,2.0,5.0,0,429.0,1.0,56,2.0,0.0,,100.67,1.36,4.29,3.31,1.52,11.19
lannajo01,2012,1,WAS,NL,4,1,6,6,0,0,0,98.0,33,15,0,14,17,0.27,4.13,1.0,1.0,4.0,0,144.0,0.0,15,4.0,0.0,,32.67,1.44,4.68,3.86,0.0,11.81
latosma01,2012,1,CIN,NL,14,4,33,33,2,0,0,628.0,179,81,25,64,185,0.23,3.48,9.0,3.0,4.0,1,858.0,0.0,87,9.0,3.0,,209.33,1.16,7.95,2.75,1.07,21.56
leagubr01,2012,1,SEA,AL,0,5,46,0,0,0,9,134.0,48,18,1,19,27,0.281,3.63,3.0,3.0,0.0,0,193.0,24.0,20,3.0,0.0,,44.67,1.5,5.44,3.83,0.2,13.99
leakemi01,2012,1,CIN,NL,8,9,30,30,2,0,0,537.0,201,91,26,41,116,0.287,4.58,3.0,3.0,3.0,0,757.0,0.0,97,6.0,7.0,,179.0,1.35,5.83,2.06,1.31,15.32
leblawa01,2012,1,MIA,NL,2,5,25,9,0,0,0,206.0,71,28,7,19,43,0.275,3.67,1.0,1.0,1.0,0,284.0,1.0,30,5.0,1.0,,68.67,1.31,5.64,2.49,0.92,15.14
lecursa01,2012,1,CIN,NL,3,3,48,0,0,0,0,172.0,46,20,3,23,61,0.221,3.14,2.0,2.0,1.0,0,237.0,12.0,22,4.0,1.0,,57.33,1.2,9.58,3.61,0.47,25.74
leecl02,2012,1,PHI,NL,6,9,30,30,0,0,0,633.0,207,74,26,28,207,0.255,3.16,0.0,4.0,0.0,0,847.0,0.0,79,3.0,4.0,,211.0,1.11,8.83,1.19,1.11,24.44
lestejo01,2012,1,BOS,AL,9,14,33,33,3,0,0,616.0,216,110,25,68,166,0.273,4.82,2.0,6.0,4.0,0,876.0,0.0,117,5.0,7.0,,205.33,1.38,7.28,2.98,1.1,18.95
lewisco01,2012,1,TEX,AL,6,6,16,16,2,0,0,315.0,99,40,16,14,93,0.245,3.43,0.0,2.0,6.0,0,427.0,0.0,48,1.0,2.0,,105.0,1.08,7.97,1.2,1.37,21.78
lillyte01,2012,1,LAN,NL,5,1,8,8,0,0,0,146.0,36,17,3,19,31,0.203,3.14,1.0,3.0,2.0,0,202.0,0.0,23,2.0,2.0,,48.67,1.13,5.73,3.51,0.55,15.35
linceti01,2012,1,SFN,NL,10,15,33,33,0,0,0,558.0,183,107,23,90,190,0.256,5.18,3.0,17.0,4.0,2,825.0,0.0,111,11.0,6.0,,186.0,1.47,9.19,4.35,1.11,23.03
lincobr01,2012,1,PIT,NL,4,2,28,5,0,0,1,178.0,51,18,8,14,60,0.23,2.73,1.0,0.0,1.0,0,239.0,6.0,19,2.0,0.0,,59.33,1.1,9.1,2.12,1.21,25.1
lindbjo01,2012,1,LAN,NL,2,2,48,0,0,0,0,143.0,42,16,9,18,43,0.241,3.02,0.0,1.0,3.0,0,197.0,12.0,16,2.0,0.0,,47.67,1.26,8.12,3.4,1.7,21.83
lindsma01,2012,1,BAL,AL,1,0,34,0,0,0,0,109.0,35,11,2,12,30,0.254,2.72,2.0,1.0,4.0,1,155.0,3.0,14,0.0,1.0,,36.33,1.29,7.43,2.97,0.5,19.35
liriafr01,2012,1,MIN,AL,3,10,22,17,0,0,0,300.0,89,59,12,55,109,0.239,5.31,4.0,6.0,4.0,1,440.0,2.0,63,2.0,7.0,,100.0,1.44,9.81,4.95,1.08,24.77
liriafr01,2012,2,CHA,AL,3,2,12,11,0,0,0,170.0,54,34,7,32,58,0.251,5.4,1.0,5.0,3.0,0,253.0,0.0,34,2.0,1.0,,56.67,1.52,9.21,5.08,1.11,22.92
lockeje01,2012,1,PIT,NL,1,3,8,6,0,0,0,103.0,36,21,6,11,34,0.267,5.5,0.0,0.0,1.0,0,148.0,1.0,21,1.0,0.0,,34.33,1.37,8.91,2.88,1.57,22.97
loeka01,2012,1,MIL,NL,6,5,70,0,0,0,2,205.0,78,35,9,20,55,0.284,4.61,3.0,4.0,3.0,0,303.0,20.0,41,5.0,0.0,,68.33,1.43,7.24,2.63,1.19,18.15
loganbo02,2012,1,NYA,AL,7,2,80,0,0,0,1,166.0,48,23,6,28,68,0.234,3.74,6.0,3.0,2.0,0,239.0,8.0,23,1.0,3.0,,55.33,1.37,11.06,4.55,0.98,28.45
lohseky01,2012,1,SLN,NL,16,3,33,33,0,0,0,633.0,192,67,19,38,143,0.239,2.86,1.0,1.0,4.0,0,864.0,0.0,74,11.0,7.0,,211.0,1.09,6.1,1.62,0.81,16.55
lopezja02,2012,1,SFN,NL,3,0,70,0,0,0,7,108.0,37,10,1,14,28,0.27,2.5,3.0,2.0,0.0,0,153.0,19.0,13,1.0,1.0,,36.0,1.42,7.0,3.5,0.25,18.3
lopezwi01,2012,1,HOU,NL,6,3,64,0,0,0,10,199.0,61,16,4,8,54,0.25,2.17,2.0,1.0,2.0,0,260.0,28.0,18,4.0,2.0,,66.33,1.04,7.33,1.09,0.54,20.77
loupaa01,2012,1,TOR,AL,0,2,33,0,0,0,0,92.0,26,9,0,2,21,0.232,2.64,0.0,1.0,0.0,1,117.0,3.0,10,2.0,1.0,,30.67,0.91,6.16,0.59,0.0,17.95
lowede01,2012,1,CLE,AL,8,10,21,21,1,1,0,357.0,156,73,8,45,41,0.321,5.52,3.0,5.0,3.0,1,542.0,0.0,79,3.0,5.0,,119.0,1.69,3.1,3.4,0.61,7.56
lowema01,2012,1,TEX,AL,0,2,36,0,0,0,0,118.0,35,15,5,13,28,0.24,3.43,0.0,4.0,0.0,2,162.0,12.0,15,0.0,3.0,,39.33,1.22,6.41,2.97,1.14,17.28
luebkco01,2012,1,SDN,NL,3,1,5,5,0,0,0,93.0,28,9,1,8,23,0.233,2.61,0.0,0.0,0.0,0,130.0,0.0,10,2.0,0.0,,31.0,1.16,6.68,2.32,0.29,17.69
luetglu01,2012,1,SEA,AL,2,2,63,0,0,0,2,122.0,37,18,3,24,38,0.248,3.98,6.0,5.0,1.0,0,178.0,16.0,20,1.0,3.0,,40.67,1.5,8.41,5.31,0.66,21.35
lylesjo01,2012,1,HOU,NL,5,12,25,25,1,1,0,424.0,159,80,20,42,99,0.278,5.09,4.0,2.0,5.0,0,628.0,0.0,97,6.0,4.0,,141.33,1.42,6.3,2.67,1.27,15.76
lynnla01,2012,1,SLN,NL,18,7,35,29,0,0,0,528.0,168,74,16,64,180,0.253,3.78,3.0,3.0,10.0,0,744.0,2.0,76,4.0,3.0,,176.0,1.32,9.2,3.27,0.82,24.19
lyonbr01,2012,1,HOU,NL,0,2,37,0,0,0,0,108.0,37,13,3,11,35,0.262,3.25,2.0,5.0,2.0,0,154.0,11.0,13,0.0,0.0,,36.0,1.33,8.75,2.75,0.75,22.73
maholpa01,2012,1,CHN,NL,9,6,21,20,0,0,0,361.0,115,50,12,34,81,0.256,3.74,2.0,4.0,10.0,0,503.0,0.0,51,5.0,4.0,,120.33,1.24,6.06,2.54,0.9,16.1
maholpa01,2012,2,ATL,NL,4,5,11,11,1,1,0,206.0,63,27,8,19,59,0.241,3.54,1.0,1.0,1.0,0,283.0,0.0,29,2.0,0.0,,68.67,1.19,7.73,2.49,1.05,20.85
marcush01,2012,1,MIL,NL,7,4,21,21,0,0,0,372.0,116,51,16,41,109,0.245,3.7,2.0,3.0,4.0,2,527.0,0.0,57,6.0,2.0,,124.0,1.27,7.91,2.98,1.16,20.68
marmoca01,2012,1,CHN,NL,3,3,61,0,0,0,20,166.0,40,21,4,45,72,0.2,3.42,0.0,2.0,2.0,0,247.0,47.0,24,0.0,0.0,,55.33,1.54,11.71,7.32,0.65,29.15
marquja01,2012,1,MIN,AL,2,4,7,7,0,0,0,102.0,52,32,9,14,12,0.371,8.47,0.0,1.0,3.0,0,160.0,0.0,33,1.0,2.0,,34.0,1.94,3.18,3.71,2.38,7.5
marquja01,2012,2,SDN,NL,6,7,15,15,1,1,0,281.0,94,42,14,28,79,0.258,4.04,3.0,5.0,1.0,0,401.0,0.0,53,5.0,2.0,,93.67,1.3,7.59,2.69,1.35,19.7
marshse01,2012,1,CIN,NL,5,5,73,0,0,0,9,183.0,55,17,3,16,74,0.232,2.51,2.0,1.0,3.0,1,256.0,22.0,18,0.0,0.0,,61.0,1.16,10.92,2.36,0.44,28.91
martevi01,2012,1,SLN,NL,3,2,48,0,0,0,0,121.0,51,22,6,14,36,0.305,4.91,2.0,1.0,2.0,0,185.0,5.0,22,1.0,1.0,,40.33,1.61,8.03,3.12,1.34,19.46
marticr01,2012,1,ATL,NL,5,4,54,0,0,0,1,221.0,80,32,6,19,65,0.277,3.91,4.0,2.0,0.0,1,313.0,26.0,33,3.0,2.0,,73.67,1.34,7.94,2.32,0.73,20.77
masteju01,2012,1,CLE,AL,11,15,34,34,1,0,0,619.0,212,113,18,88,159,0.269,4.93,1.0,14.0,13.0,0,906.0,0.0,122,6.0,11.0,,206.33,1.45,6.94,3.84,0.79,17.55
matsuda01,2012,1,BOS,AL,1,7,11,11,0,0,0,137.0,58,42,11,20,41,0.307,8.28,0.0,3.0,3.0,0,215.0,0.0,43,0.0,3.0,,45.67,1.71,8.08,3.94,2.17,19.07
matthry01,2012,1,WAS,NL,5,3,66,0,0,0,0,199.0,57,21,8,19,41,0.241,2.85,5.0,3.0,3.0,0,265.0,11.0,22,2.0,4.0,,66.33,1.15,5.56,2.58,1.09,15.47
matusbr01,2012,1,BAL,AL,6,10,34,16,0,0,0,294.0,112,53,15,41,81,0.284,4.87,4.0,0.0,0.0,0,441.0,2.0,61,2.0,3.0,,98.0,1.56,7.44,3.77,1.38,18.37
mazzavi01,2012,1,KCA,AL,4,3,18,6,0,0,0,132.0,55,28,3,19,26,0.318,5.73,2.0,1.0,3.0,0,198.0,4.0,29,1.0,2.0,,44.0,1.68,5.32,3.89,0.61,13.13
mcallza01,2012,1,CLE,AL,6,8,22,22,0,0,0,376.0,133,59,19,38,110,0.268,4.24,0.0,0.0,1.0,2,543.0,0.0,78,2.0,5.0,,125.33,1.36,7.9,2.73,1.36,20.26
mccarbr01,2012,1,OAK,AL,8,6,18,18,0,0,0,333.0,115,40,10,24,73,0.267,3.24,2.0,0.0,6.0,0,469.0,0.0,44,5.0,4.0,,111.0,1.25,5.92,1.95,0.81,15.57
mcdonja03,2012,1,PIT,NL,12,8,30,29,1,0,0,513.0,147,80,21,69,151,0.233,4.21,6.0,3.0,4.0,0,713.0,0.0,85,5.0,4.0,,171.0,1.26,7.95,3.63,1.11,21.18
mcgeeja01,2012,1,TBA,AL,5,2,69,0,0,0,0,166.0,33,12,3,11,73,0.167,1.95,4.0,3.0,1.0,0,212.0,13.0,13,0.0,2.0,,55.33,0.8,11.87,1.79,0.49,34.43
medlekr01,2012,1,ATL,NL,10,1,50,12,2,1,1,414.0,103,24,6,23,120,0.208,1.57,0.0,3.0,0.0,0,520.0,7.0,26,1.0,0.0,,138.0,0.91,7.83,1.5,0.39,23.08
melanma01,2012,1,BOS,AL,0,2,41,0,0,0,1,135.0,45,31,8,12,41,0.256,6.2,1.0,2.0,3.0,0,194.0,17.0,31,1.0,2.0,,45.0,1.27,8.2,2.4,1.6,21.13
mendolu01,2012,1,KCA,AL,8,10,30,25,0,0,0,498.0,176,78,15,59,104,0.278,4.23,3.0,6.0,11.0,2,709.0,0.0,84,2.0,5.0,,166.0,1.42,5.64,3.2,0.81,14.67
mijarjo01,2012,1,KCA,AL,2,2,51,0,0,0,0,116.0,36,11,3,13,37,0.248,2.56,1.0,1.0,4.0,0,168.0,8.0,13,3.0,3.0,,38.67,1.27,8.61,3.03,0.7,22.02
mikolmi01,2012,1,SDN,NL,2,1,25,0,0,0,0,97.0,32,13,4,15,23,0.256,3.62,0.0,2.0,2.0,0,144.0,9.0,15,2.0,0.0,,32.33,1.45,6.4,4.18,1.11,15.97
mileywa01,2012,1,ARI,NL,16,11,32,29,0,0,0,584.0,193,72,14,37,144,0.255,3.33,0.0,6.0,2.0,1,807.0,0.0,79,8.0,3.0,,194.67,1.18,6.66,1.71,0.65,17.84
millean01,2012,1,BOS,AL,3,2,53,0,0,0,0,121.0,28,15,3,20,51,0.194,3.35,1.0,1.0,2.0,0,169.0,4.0,15,0.0,3.0,,40.33,1.19,11.38,4.46,0.67,30.18
milleji02,2012,1,OAK,AL,2,1,33,0,0,0,0,146.0,39,14,6,27,44,0.217,2.59,2.0,1.0,3.0,0,211.0,18.0,15,0.0,1.0,,48.67,1.36,8.14,4.99,1.11,20.85
millwke01,2012,1,SEA,AL,6,12,28,28,1,1,0,483.0,168,76,13,56,107,0.271,4.25,3.0,5.0,3.0,0,689.0,0.0,86,6.0,4.0,,161.0,1.39,5.98,3.13,0.73,15.53
milonto01,2012,1,OAK,AL,13,10,31,31,1,0,0,570.0,207,79,24,36,137,0.278,3.74,2.0,2.0,4.0,0,791.0,0.0,90,3.0,3.0,,190.0,1.28,6.49,1.71,1.14,17.32
minormi01,2012,1,ATL,NL,11,10,30,30,0,0,0,538.0,151,82,26,56,145,0.232,4.12,7.0,3.0,5.0,0,728.0,0.0,88,8.0,8.0,,179.33,1.15,7.28,2.81,1.3,19.92
moorema02,2012,1,TBA,AL,11,11,31,31,0,0,0,532.0,158,75,18,81,175,0.238,3.81,5.0,8.0,7.0,1,759.0,0.0,85,3.0,4.0,,177.33,1.35,8.88,4.11,0.91,23.06
moralfr01,2012,1,BOS,AL,3,4,37,9,0,0,1,229.0,64,32,11,30,76,0.224,3.77,3.0,3.0,6.0,5,325.0,5.0,38,0.0,3.0,,76.33,1.23,8.96,3.54,1.3,23.38
morrobr01,2012,1,TOR,AL,10,7,21,21,3,3,0,374.0,98,41,12,41,108,0.214,2.96,0.0,3.0,2.0,0,504.0,0.0,45,1.0,3.0,,124.67,1.11,7.8,2.96,0.87,21.43
mortecl01,2012,1,BOS,AL,1,1,26,0,0,0,0,126.0,32,15,7,19,41,0.212,3.21,2.0,3.0,1.0,0,173.0,8.0,15,0.0,2.0,,42.0,1.21,8.79,4.07,1.5,23.7
mortoch02,2012,1,PIT,NL,2,6,9,9,0,0,0,151.0,62,26,5,11,25,0.305,4.65,1.0,4.0,2.0,0,223.0,0.0,30,5.0,2.0,,50.33,1.45,4.47,1.97,0.89,11.21
moscogu01,2012,1,COL,NL,3,2,23,3,0,0,0,150.0,67,34,8,19,47,0.321,6.12,0.0,5.0,1.0,0,231.0,4.0,34,1.0,1.0,,50.0,1.72,8.46,3.42,1.44,20.35
motteja01,2012,1,SLN,NL,4,5,67,0,0,0,42,216.0,49,22,9,17,86,0.191,2.75,1.0,0.0,2.0,0,279.0,58.0,23,2.0,1.0,,72.0,0.92,10.75,2.12,1.12,30.82
moyerja01,2012,1,COL,NL,2,5,10,10,0,0,0,161.0,75,34,11,18,36,0.328,5.7,2.0,0.0,2.0,0,254.0,0.0,40,4.0,1.0,,53.67,1.73,6.04,3.02,1.84,14.17
mujiced01,2012,1,MIA,NL,0,3,41,0,0,0,2,117.0,36,19,6,9,26,0.24,4.38,2.0,0.0,1.0,0,161.0,14.0,21,0.0,1.0,,39.0,1.15,6.0,2.08,1.38,16.15
myersbr01,2012,1,HOU,NL,0,4,35,0,0,0,19,92.0,35,12,4,6,20,0.285,3.52,1.0,1.0,2.0,0,134.0,29.0,17,1.0,2.0,,30.67,1.34,5.87,1.76,1.17,14.93
myersbr01,2012,2,CHA,AL,3,4,35,0,0,0,0,104.0,30,12,4,9,21,0.238,3.12,1.0,1.0,1.0,0,138.0,12.0,13,1.0,1.0,,34.67,1.12,5.45,2.34,1.04,15.22
nathajo01,2012,1,TEX,AL,3,5,66,0,0,0,37,193.0,55,20,7,13,78,0.231,2.8,1.0,5.0,2.0,0,257.0,62.0,23,1.0,3.0,,64.33,1.06,10.91,1.82,0.98,30.35
nicasju01,2012,1,COL,NL,2,3,11,11,0,0,0,174.0,72,34,7,22,54,0.313,5.28,1.0,4.0,1.0,0,257.0,0.0,37,3.0,1.0,,58.0,1.62,8.38,3.41,1.09,21.01
niemaje01,2012,1,TBA,AL,2,3,8,8,0,0,0,114.0,30,13,2,12,34,0.213,3.08,0.0,2.0,2.0,0,156.0,0.0,17,0.0,1.0,,38.0,1.11,8.05,2.84,0.47,21.79
niesejo01,2012,1,NYN,NL,13,9,30,30,0,0,0,571.0,174,72,22,49,155,0.241,3.4,2.0,6.0,4.0,0,788.0,0.0,77,8.0,4.0,,190.33,1.17,7.33,2.32,1.04,19.67
noesihe01,2012,1,SEA,AL,2,12,22,18,0,0,0,320.0,107,69,21,39,68,0.266,5.82,1.0,1.0,2.0,2,453.0,4.0,71,3.0,7.0,,106.67,1.37,5.74,3.29,1.77,15.01
nolasri01,2012,1,MIA,NL,12,13,31,31,3,2,0,573.0,214,95,18,47,125,0.285,4.48,9.0,8.0,8.0,1,832.0,0.0,100,19.0,6.0,,191.0,1.37,5.89,2.21,0.85,15.02
norbejo01,2012,1,OAK,AL,4,1,39,0,0,0,1,156.0,37,16,5,22,46,0.2,2.77,2.0,1.0,1.0,1,212.0,8.0,17,1.0,3.0,,52.0,1.13,7.96,3.81,0.87,21.7
norribu01,2012,1,HOU,NL,7,13,29,29,0,0,0,505.0,165,87,23,66,165,0.254,4.65,2.0,8.0,8.0,0,733.0,0.0,90,7.0,2.0,,168.33,1.37,8.82,3.53,1.23,22.51
novaiv01,2012,1,NYA,AL,12,8,28,28,0,0,0,511.0,194,95,28,56,153,0.288,5.02,3.0,6.0,10.0,2,748.0,0.0,100,3.0,6.0,,170.33,1.47,8.08,2.96,1.48,20.45
odayda01,2012,1,BAL,AL,7,1,69,0,0,0,0,201.0,49,17,6,14,69,0.202,2.28,2.0,0.0,3.0,0,263.0,10.0,17,3.0,1.0,,67.0,0.94,9.27,1.88,0.81,26.24
oflaher01,2012,1,ATL,NL,3,0,64,0,0,0,0,172.0,47,11,3,19,46,0.229,1.73,2.0,1.0,2.0,0,230.0,7.0,14,3.0,1.0,,57.33,1.15,7.22,2.98,0.47,20.0
ogandal01,2012,1,TEX,AL,2,0,58,1,0,0,3,198.0,49,24,9,17,66,0.203,3.27,1.0,5.0,2.0,0,263.0,11.0,26,0.0,3.0,,66.0,1.0,9.0,2.32,1.23,25.1
ohlenro01,2012,1,SDN,NL,4,4,13,9,0,0,0,146.0,62,42,7,24,39,0.304,7.77,0.0,2.0,1.0,1,233.0,2.0,44,4.0,0.0,,48.67,1.77,7.21,4.44,1.29,16.74
oliveda02,2012,1,TOR,AL,3,4,62,0,0,0,2,170.0,43,13,3,15,52,0.214,2.06,0.0,3.0,4.0,0,221.0,11.0,13,1.0,0.0,,56.67,1.02,8.26,2.38,0.48,23.53
ondrulo01,2012,1,CIN,NL,5,2,63,0,0,0,2,164.0,51,21,8,31,39,0.246,3.46,4.0,5.0,3.0,0,243.0,20.0,23,1.0,1.0,,54.67,1.5,6.42,5.1,1.32,16.05
oswalro01,2012,1,TEX,AL,4,3,17,9,0,0,0,177.0,79,38,11,11,59,0.32,5.8,0.0,3.0,3.0,2,264.0,2.0,41,3.0,0.0,,59.0,1.53,9.0,1.68,1.68,22.35
ottavad01,2012,1,COL,NL,5,1,53,0,0,0,0,237.0,76,40,9,34,81,0.253,4.56,7.0,8.0,1.0,0,339.0,6.0,42,3.0,1.0,,79.0,1.39,9.23,3.87,1.03,23.89
outmajo01,2012,1,COL,NL,1,3,27,7,0,0,0,122.0,47,37,7,20,40,0.29,8.19,0.0,5.0,0.0,0,185.0,3.0,37,2.0,1.0,,40.67,1.65,8.85,4.43,1.55,21.62
padilvi01,2012,1,BOS,AL,4,1,56,0,0,0,1,150.0,59,25,7,15,51,0.298,4.5,3.0,0.0,3.0,0,218.0,10.0,26,1.0,1.0,,50.0,1.48,9.18,2.7,1.26,23.39
papeljo01,2012,1,PHI,NL,5,6,70,0,0,0,38,210.0,56,19,8,18,92,0.216,2.44,1.0,0.0,4.0,0,284.0,64.0,22,3.0,0.0,,70.0,1.06,11.83,2.31,1.03,32.39
parkeja02,2012,1,OAK,AL,13,8,29,29,0,0,0,544.0,166,70,11,63,140,0.248,3.47,3.0,10.0,3.0,0,751.0,0.0,71,7.0,8.0,,181.33,1.26,6.95,3.13,0.55,18.64
parnebo01,2012,1,NYN,NL,5,4,74,0,0,0,7,206.0,65,19,4,20,61,0.249,2.49,2.0,1.0,1.0,0,288.0,23.0,24,4.0,2.0,,68.67,1.24,7.99,2.62,0.52,21.18
parrama01,2012,1,MIL,NL,2,3,62,0,0,0,0,176.0,62,33,3,35,61,0.265,5.06,2.0,6.0,3.0,0,273.0,8.0,39,0.0,1.0,,58.67,1.65,9.36,5.37,0.46,22.34
pattotr01,2012,1,BAL,AL,1,0,54,0,0,0,0,167.0,45,15,5,12,49,0.215,2.43,2.0,1.0,2.0,0,224.0,12.0,15,0.0,1.0,,55.67,1.02,7.92,1.94,0.81,21.88
paulife01,2012,1,KCA,AL,3,1,7,7,0,0,0,113.0,31,7,3,15,39,0.223,1.67,0.0,1.0,0.0,0,156.0,0.0,8,1.0,1.0,,37.67,1.22,9.32,3.58,0.72,25.0
pavanca01,2012,1,MIN,AL,2,5,11,11,0,0,0,189.0,80,42,9,8,33,0.313,6.0,2.0,0.0,2.0,0,268.0,0.0,46,1.0,1.0,,63.0,1.4,4.71,1.14,1.29,12.31
peavyja01,2012,1,CHA,AL,11,12,32,32,4,1,0,657.0,191,82,27,49,194,0.234,3.37,1.0,3.0,10.0,2,882.0,0.0,88,1.0,6.0,,219.0,1.1,7.97,2.01,1.11,22.0
peraljo01,2012,1,TBA,AL,2,6,76,0,0,0,2,201.0,49,27,9,17,84,0.2,3.63,2.0,5.0,1.0,0,264.0,9.0,28,0.0,1.0,,67.0,0.99,11.28,2.28,1.21,31.82
perezch01,2012,1,CLE,AL,0,4,61,0,0,0,39,173.0,49,23,6,16,59,0.222,3.59,1.0,0.0,2.0,0,242.0,53.0,25,0.0,3.0,,57.67,1.13,9.21,2.5,0.94,24.38
perezlu01,2012,1,TOR,AL,2,2,35,0,0,0,0,126.0,38,16,3,16,39,0.244,3.43,0.0,0.0,3.0,0,175.0,6.0,16,0.0,0.0,,42.0,1.29,8.36,3.43,0.64,22.29
perezma02,2012,1,TEX,AL,1,4,12,6,0,0,0,114.0,47,23,3,15,25,0.297,5.45,1.0,5.0,2.0,2,177.0,2.0,26,1.0,1.0,,38.0,1.63,5.92,3.55,0.71,14.12
perkigl01,2012,1,MIN,AL,3,1,70,0,0,0,16,211.0,57,20,8,16,78,0.222,2.56,3.0,3.0,3.0,0,281.0,43.0,25,3.0,2.0,,70.33,1.04,9.98,2.05,1.02,27.76
pestavi01,2012,1,CLE,AL,3,3,70,0,0,0,2,210.0,53,20,7,24,76,0.207,2.57,1.0,1.0,4.0,0,286.0,13.0,20,0.0,2.0,,70.0,1.1,9.77,3.09,0.9,26.57
pettian01,2012,1,NYA,AL,5,4,12,12,0,0,0,226.0,65,24,8,21,69,0.232,2.87,0.0,1.0,0.0,0,303.0,0.0,26,2.0,0.0,,75.33,1.14,8.24,2.51,0.96,22.77
phelpda01,2012,1,NYA,AL,4,4,33,11,0,0,0,299.0,81,37,14,38,96,0.223,3.34,2.0,2.0,6.0,2,414.0,5.0,38,4.0,3.0,,99.67,1.19,8.67,3.43,1.26,23.19
pomerdr01,2012,1,COL,NL,2,9,22,22,0,0,0,290.0,97,53,14,46,83,0.261,4.93,2.0,8.0,4.0,1,434.0,0.0,57,8.0,4.0,,96.67,1.48,7.73,4.28,1.3,19.12
porceri01,2012,1,DET,AL,10,12,31,31,0,0,0,529.0,226,90,16,44,107,0.31,4.59,3.0,6.0,6.0,0,783.0,0.0,101,2.0,3.0,,176.33,1.53,5.46,2.25,0.82,13.67
priceda01,2012,1,TBA,AL,20,5,31,31,2,1,0,633.0,173,60,16,59,205,0.226,2.56,2.0,8.0,5.0,1,836.0,0.0,63,2.0,3.0,,211.0,1.1,8.74,2.52,0.68,24.52
putzjj01,2012,1,ARI,NL,1,5,57,0,0,0,32,163.0,45,17,4,11,65,0.223,2.82,1.0,3.0,2.0,0,218.0,52.0,18,2.0,1.0,,54.33,1.03,10.77,1.82,0.66,29.82
quallch01,2012,1,PHI,NL,1,1,35,0,0,0,0,94.0,39,16,7,9,19,0.3,4.6,3.0,2.0,0.0,0,140.0,6.0,18,1.0,0.0,,31.33,1.53,5.46,2.59,2.01,13.57
quintjo01,2012,1,CHA,AL,6,6,25,22,0,0,0,409.0,142,57,14,42,81,0.275,3.76,4.0,10.0,3.0,2,568.0,2.0,62,5.0,1.0,,136.33,1.35,5.35,2.77,0.92,14.26
ramirer02,2012,1,SEA,AL,1,3,16,8,0,0,0,177.0,47,22,6,12,48,0.217,3.36,1.0,0.0,3.0,0,238.0,2.0,26,1.0,5.0,,59.0,1.0,7.32,1.83,0.92,20.17
ramirra02,2012,1,NYN,NL,3,4,58,0,0,0,1,191.0,58,30,4,35,52,0.246,4.24,4.0,4.0,0.0,0,277.0,18.0,33,3.0,3.0,,63.67,1.46,7.35,4.95,0.57,18.77
ramosce01,2012,1,TBA,AL,1,0,17,1,0,0,0,90.0,19,7,2,10,29,0.176,2.1,0.0,0.0,2.0,0,120.0,9.0,7,0.0,0.0,,30.0,0.97,8.7,3.0,0.6,24.17
rapadcl01,2012,1,NYA,AL,3,0,70,0,0,0,0,115.0,29,12,2,17,38,0.215,2.82,1.0,1.0,1.0,2,155.0,7.0,14,1.0,1.0,,38.33,1.2,8.92,3.99,0.47,24.52
rauchjo01,2012,1,NYN,NL,3,7,73,0,0,0,4,173.0,45,23,7,12,42,0.209,3.59,2.0,1.0,1.0,0,233.0,22.0,28,1.0,4.0,,57.67,0.99,6.55,1.87,1.09,18.03
reedad01,2012,1,CHA,AL,3,2,62,0,0,0,29,165.0,57,29,6,18,54,0.266,4.75,3.0,0.0,2.0,1,238.0,44.0,30,0.0,4.0,,55.0,1.36,8.84,2.95,0.98,22.69
resopch01,2012,1,PIT,NL,1,4,61,0,0,0,1,221.0,81,32,6,24,46,0.276,3.91,6.0,2.0,2.0,0,330.0,13.0,35,5.0,6.0,,73.67,1.43,5.62,2.93,0.73,13.94
reynoma02,2012,1,COL,NL,3,1,71,0,0,0,0,172.0,65,28,11,17,51,0.291,4.4,4.0,5.0,0.0,1,249.0,16.0,31,6.0,3.0,,57.33,1.43,8.01,2.67,1.73,20.48
richacl01,2012,1,SDN,NL,14,14,33,33,1,1,0,656.0,228,97,31,42,107,0.267,3.99,4.0,4.0,6.0,2,910.0,0.0,110,3.0,6.0,,218.67,1.23,4.4,1.73,1.28,11.76
richaga01,2012,1,LAA,AL,4,3,30,9,0,0,1,213.0,77,37,7,34,47,0.28,4.69,1.0,2.0,3.0,0,318.0,4.0,46,2.0,4.0,,71.0,1.56,5.96,4.31,0.89,14.78
roberda08,2012,1,NYA,AL,2,7,65,0,0,0,2,182.0,52,18,5,19,81,0.229,2.67,0.0,1.0,1.0,1,248.0,17.0,19,0.0,1.0,,60.67,1.17,12.02,2.82,0.74,32.66
rodnefe01,2012,1,TBA,AL,2,2,76,0,0,0,48,224.0,43,5,2,15,76,0.167,0.6,1.0,4.0,3.0,0,282.0,65.0,9,4.0,2.0,,74.67,0.78,9.16,1.81,0.24,26.95
rodrife02,2012,1,HOU,NL,2,10,71,0,0,0,0,211.0,68,42,10,34,78,0.252,5.37,7.0,10.0,1.0,0,309.0,9.0,45,2.0,2.0,,70.33,1.45,9.98,4.35,1.28,25.24
rodrifr03,2012,1,MIL,NL,2,7,78,0,0,0,3,216.0,65,35,8,31,72,0.241,4.38,1.0,6.0,0.0,0,305.0,13.0,37,1.0,3.0,,72.0,1.33,9.0,3.88,1.0,23.61
rodriwa01,2012,1,HOU,NL,7,9,21,21,0,0,0,392.0,134,55,13,32,89,0.26,3.79,2.0,5.0,2.0,0,558.0,0.0,66,5.0,3.0,,130.67,1.27,6.13,2.2,0.9,15.95
rodriwa01,2012,2,PIT,NL,5,4,13,12,0,0,0,225.0,71,31,8,24,50,0.246,3.72,2.0,0.0,1.0,0,317.0,1.0,33,1.0,2.0,,75.0,1.27,6.0,2.88,0.96,15.77
roenijo01,2012,1,COL,NL,4,2,63,0,0,0,1,266.0,85,32,9,43,54,0.259,3.25,3.0,8.0,2.0,0,383.0,14.0,40,6.0,4.0,,88.67,1.44,5.48,4.36,0.91,14.1
rogeres01,2012,2,CLE,AL,3,1,44,0,0,0,0,159.0,47,18,5,12,54,0.237,3.06,2.0,5.0,3.0,0,217.0,13.0,19,2.0,2.0,,53.0,1.11,9.17,2.04,0.85,24.88
rogerma01,2012,1,MIL,NL,3,1,7,7,0,0,0,117.0,36,17,5,14,41,0.243,3.92,0.0,1.0,1.0,0,165.0,0.0,17,1.0,1.0,,39.0,1.28,9.46,3.23,1.15,24.85
romerri01,2012,1,TOR,AL,9,14,32,32,1,0,0,543.0,198,116,21,105,124,0.282,5.77,1.0,8.0,10.0,0,829.0,0.0,122,7.0,4.0,,181.0,1.67,6.17,5.22,1.04,14.96
romose01,2012,1,SFN,NL,4,2,69,0,0,0,14,166.0,37,11,5,10,63,0.185,1.79,1.0,2.0,3.0,0,215.0,27.0,11,2.0,0.0,,55.33,0.85,10.25,1.63,0.81,29.3
rossro01,2012,1,TEX,AL,6,0,58,0,0,0,0,195.0,55,16,3,23,47,0.232,2.22,3.0,1.0,2.0,1,265.0,9.0,21,1.0,2.0,,65.0,1.2,6.51,3.18,0.42,17.74
rossty01,2012,1,OAK,AL,2,11,18,13,0,0,0,220.0,96,53,7,37,46,0.327,6.5,3.0,2.0,5.0,1,342.0,3.0,56,3.0,3.0,,73.33,1.81,5.65,4.54,0.86,13.45
russeja02,2012,1,CHN,NL,7,1,77,0,0,0,2,208.0,67,25,5,23,55,0.255,3.25,7.0,1.0,1.0,1,292.0,19.0,28,2.0,3.0,,69.33,1.3,7.14,2.99,0.65,18.84
rzepcma01,2012,1,SLN,NL,1,3,70,0,0,0,0,140.0,46,22,7,17,33,0.257,4.24,2.0,3.0,0.0,0,196.0,14.0,22,0.0,0.0,,46.67,1.35,6.36,3.28,1.35,16.84
sabatcc01,2012,1,NYA,AL,15,6,28,28,2,0,0,600.0,184,75,22,44,197,0.238,3.38,2.0,4.0,8.0,1,833.0,0.0,89,4.0,3.0,,200.0,1.14,8.86,1.98,0.99,23.65
salasfe01,2012,1,SLN,NL,1,4,65,0,0,0,0,176.0,56,28,5,27,60,0.251,4.3,5.0,4.0,1.0,0,256.0,23.0,28,5.0,0.0,,58.67,1.41,9.2,4.14,0.77,23.44
salech01,2012,1,CHA,AL,17,8,30,29,1,0,0,576.0,167,65,19,51,192,0.235,3.05,5.0,6.0,6.0,0,772.0,0.0,66,1.0,3.0,,192.0,1.14,9.0,2.39,0.89,24.87
samarje01,2012,1,CHN,NL,9,13,28,28,1,0,0,524.0,157,74,20,56,180,0.24,3.81,2.0,10.0,4.0,0,723.0,0.0,79,5.0,4.0,,174.67,1.22,9.27,2.89,1.03,24.9
sanchan01,2012,1,MIA,NL,5,7,19,19,0,0,0,363.0,119,53,12,33,110,0.259,3.94,2.0,4.0,2.0,1,504.0,0.0,59,4.0,5.0,,121.0,1.26,8.18,2.45,0.89,21.83
sanchan01,2012,2,DET,AL,4,6,12,12,1,1,0,224.0,81,31,8,15,57,0.275,3.74,1.0,3.0,3.0,0,316.0,0.0,36,1.0,2.0,,74.67,1.29,6.87,1.81,0.96,18.04
sanchjo01,2012,1,KCA,AL,1,6,12,12,0,0,0,160.0,65,46,8,44,36,0.302,7.76,1.0,4.0,5.0,1,270.0,0.0,47,2.0,4.0,,53.33,2.04,6.08,7.43,1.35,13.33
santaer01,2012,1,LAA,AL,9,13,30,30,1,1,0,534.0,165,102,39,61,133,0.239,5.16,2.0,4.0,9.0,0,764.0,0.0,109,2.0,2.0,,178.0,1.27,6.72,3.08,1.97,17.41
santajo01,2012,1,NYN,NL,6,9,21,21,2,2,0,351.0,117,63,17,39,111,0.258,4.85,1.0,1.0,0.0,0,499.0,0.0,65,4.0,3.0,,117.0,1.33,8.54,3.0,1.31,22.24
santihe01,2012,1,CHA,AL,4,1,42,4,0,0,4,211.0,54,26,10,40,79,0.211,3.33,1.0,5.0,7.0,2,306.0,19.0,26,2.0,1.0,,70.33,1.34,10.11,5.12,1.28,25.82
saundjo01,2012,1,ARI,NL,6,10,21,21,1,1,0,390.0,146,61,17,31,89,0.28,4.22,1.0,2.0,2.0,0,561.0,0.0,68,5.0,2.0,,130.0,1.36,6.16,2.15,1.18,15.86
saundjo01,2012,2,BAL,AL,3,3,7,7,0,0,0,134.0,49,18,4,8,23,0.283,3.63,1.0,1.0,0.0,0,184.0,0.0,20,2.0,1.0,,44.67,1.28,4.63,1.61,0.81,12.5
schepta01,2012,1,TEX,AL,1,1,39,0,0,0,1,97.0,47,16,6,9,30,0.343,4.45,3.0,4.0,2.0,0,152.0,13.0,18,3.0,1.0,,32.33,1.73,8.35,2.51,1.67,19.74
scherma01,2012,1,DET,AL,16,7,32,32,0,0,0,563.0,179,78,23,60,231,0.25,3.74,2.0,2.0,5.0,1,787.0,0.0,82,5.0,1.0,,187.67,1.27,11.08,2.88,1.1,29.35
schwimi01,2012,1,PHI,NL,2,1,35,0,0,0,0,103.0,30,17,3,16,36,0.244,4.46,2.0,1.0,2.0,0,147.0,16.0,18,3.0,3.0,,34.33,1.34,9.44,4.19,0.79,24.49
scribev01,2012,1,OAK,AL,2,0,30,0,0,0,1,106.0,30,10,2,12,30,0.221,2.55,0.0,1.0,0.0,0,148.0,13.0,11,0.0,0.0,,35.33,1.19,7.64,3.06,0.51,20.27
seddoch01,2012,1,CLE,AL,1,1,17,2,0,0,0,103.0,35,14,2,13,18,0.265,3.67,1.0,1.0,0.0,0,147.0,3.0,15,0.0,2.0,,34.33,1.4,4.72,3.41,0.52,12.24
shawbr01,2012,1,ARI,NL,1,6,64,0,0,0,2,178.0,60,23,4,24,41,0.273,3.49,3.0,4.0,2.0,1,252.0,19.0,29,4.0,2.0,,59.33,1.42,6.22,3.64,0.61,16.27
sheetbe01,2012,1,ATL,NL,4,4,9,9,0,0,0,148.0,52,19,6,13,35,0.275,3.47,1.0,1.0,1.0,0,207.0,0.0,21,4.0,0.0,,49.33,1.32,6.39,2.37,1.09,16.91
shielja02,2012,1,TBA,AL,15,10,33,33,3,2,0,683.0,208,89,25,58,223,0.239,3.52,2.0,7.0,11.0,1,944.0,0.0,103,3.0,2.0,,227.67,1.17,8.82,2.29,0.99,23.62
simonal01,2012,1,CIN,NL,3,2,36,0,0,0,1,183.0,65,18,2,22,52,0.275,2.66,1.0,9.0,6.0,0,269.0,13.0,22,2.0,3.0,,61.0,1.43,7.67,3.25,0.3,19.33
sippto01,2012,1,CLE,AL,1,2,63,0,0,0,1,165.0,47,27,9,23,51,0.228,4.42,1.0,3.0,1.0,0,233.0,7.0,29,2.0,1.0,,55.0,1.27,8.35,3.76,1.47,21.89
smithjo05,2012,1,CLE,AL,7,4,72,0,0,0,0,201.0,53,22,4,25,53,0.213,2.96,4.0,1.0,2.0,1,278.0,12.0,27,1.0,1.0,,67.0,1.16,7.12,3.36,0.54,19.06
smithwi04,2012,1,KCA,AL,6,9,16,16,0,0,0,269.0,111,53,12,33,59,0.313,5.32,1.0,4.0,1.0,0,396.0,0.0,54,2.0,5.0,,89.67,1.61,5.92,3.31,1.2,14.9
smylydr01,2012,1,DET,AL,4,3,23,18,0,0,0,298.0,93,44,12,33,94,0.247,3.99,1.0,3.0,2.0,0,416.0,0.0,49,2.0,3.0,,99.33,1.27,8.52,2.99,1.09,22.6
soriara01,2012,1,NYA,AL,2,1,69,0,0,0,42,203.0,55,17,6,24,69,0.217,2.26,4.0,3.0,1.0,0,279.0,54.0,17,0.0,1.0,,67.67,1.17,9.18,3.19,0.8,24.73
stammcr01,2012,1,WAS,NL,6,1,59,0,0,0,1,265.0,70,23,7,36,87,0.215,2.34,4.0,3.0,2.0,0,370.0,15.0,27,5.0,1.0,,88.33,1.2,8.86,3.67,0.71,23.51
stewaza01,2012,1,CHA,AL,1,2,18,1,0,0,0,90.0,41,20,10,4,16,0.32,6.0,0.0,0.0,0.0,1,134.0,8.0,26,1.0,1.0,,30.0,1.5,4.8,1.2,3.0,11.94
storedr01,2012,1,WAS,NL,3,1,37,0,0,0,4,91.0,22,8,0,8,24,0.21,2.37,0.0,1.0,1.0,0,116.0,17.0,8,0.0,2.0,,30.33,0.99,7.12,2.37,0.0,20.69
storemi01,2012,1,HOU,NL,0,1,26,0,0,0,0,91.0,27,13,2,10,34,0.237,3.86,0.0,0.0,1.0,0,127.0,3.0,14,2.0,0.0,,30.33,1.22,10.09,2.97,0.59,26.77
straida01,2012,1,OAK,AL,2,1,7,7,0,0,0,118.0,36,17,11,16,32,0.237,3.89,1.0,0.0,2.0,0,172.0,0.0,19,1.0,1.0,,39.33,1.32,7.32,3.66,2.52,18.6
strasst01,2012,1,WAS,NL,15,6,28,28,0,0,0,478.0,136,56,15,48,197,0.23,3.16,1.0,5.0,4.0,0,653.0,0.0,62,6.0,4.0,,159.33,1.15,11.13,2.71,0.85,30.17
streehu01,2012,1,SDN,NL,2,1,40,0,0,0,23,117.0,17,8,2,11,47,0.13,1.85,1.0,1.0,0.0,0,144.0,36.0,8,1.0,1.0,,39.0,0.72,10.85,2.54,0.46,32.64
stroppe01,2012,1,BAL,AL,5,2,70,0,0,0,3,199.0,52,18,2,37,58,0.217,2.44,2.0,5.0,4.0,0,283.0,17.0,18,1.0,1.0,,66.33,1.34,7.87,5.02,0.27,20.49
stulter01,2012,2,SDN,NL,8,3,18,14,0,0,0,277.0,86,30,7,23,51,0.249,2.92,0.0,1.0,1.0,1,383.0,1.0,36,9.0,5.0,,92.33,1.18,4.97,2.24,0.68,13.32
suppaje01,2012,1,SDN,NL,2,3,6,6,0,0,0,92.0,34,18,4,13,7,0.281,5.28,3.0,0.0,0.0,0,137.0,0.0,19,3.0,0.0,,30.67,1.53,2.05,3.81,1.17,5.11
swarzan01,2012,1,MIN,AL,3,6,44,5,0,0,0,290.0,106,54,15,31,62,0.284,5.03,8.0,3.0,0.0,0,413.0,9.0,57,3.0,6.0,,96.67,1.42,5.77,2.89,1.4,15.01
takahhi01,2012,1,LAA,AL,0,3,42,0,0,0,0,126.0,39,23,6,10,41,0.242,4.93,1.0,0.0,0.0,0,173.0,9.0,24,1.0,1.0,,42.0,1.17,8.79,2.14,1.29,23.7
tazawju01,2012,1,BOS,AL,1,1,37,0,0,0,1,132.0,37,7,1,5,45,0.227,1.43,0.0,0.0,2.0,0,172.0,13.0,7,1.0,1.0,,44.0,0.95,9.2,1.02,0.2,26.16
teafoev01,2012,1,KCA,AL,1,4,18,5,0,0,0,184.0,68,34,11,21,35,0.285,4.99,0.0,2.0,2.0,1,263.0,3.0,34,0.0,1.0,,61.33,1.45,5.14,3.08,1.61,13.31
thatcjo01,2012,1,SDN,NL,1,4,55,0,0,0,1,95.0,30,12,2,14,39,0.25,3.41,3.0,0.0,3.0,1,141.0,13.0,13,2.0,2.0,,31.67,1.39,11.08,3.98,0.57,27.66
thayeda01,2012,1,SDN,NL,2,2,64,0,0,0,7,173.0,53,22,4,12,47,0.248,3.43,4.0,2.0,1.0,0,235.0,21.0,24,4.0,4.0,,57.67,1.13,7.33,1.87,0.62,20.0
thornma01,2012,1,CHA,AL,4,10,74,0,0,0,3,195.0,63,25,4,17,53,0.257,3.46,4.0,2.0,3.0,0,266.0,18.0,27,1.0,0.0,,65.0,1.23,7.34,2.35,0.55,19.92
tillmch01,2012,1,BAL,AL,9,3,15,15,0,0,0,258.0,66,28,12,24,66,0.207,2.93,0.0,5.0,1.0,0,347.0,0.0,38,1.0,2.0,,86.0,1.05,6.91,2.51,1.26,19.02
tollesh01,2012,1,LAN,NL,3,1,40,0,0,0,0,113.0,30,18,4,20,39,0.221,4.3,1.0,0.0,1.0,0,160.0,12.0,19,2.0,1.0,,37.67,1.33,9.32,4.78,0.96,24.38
tomlijo01,2012,1,CLE,AL,5,8,21,16,0,0,0,310.0,126,73,18,25,56,0.301,6.36,3.0,4.0,3.0,0,452.0,0.0,74,2.0,3.0,,103.33,1.46,4.88,2.18,1.57,12.39
torreca01,2012,1,COL,NL,5,3,31,0,0,0,0,159.0,49,31,2,26,42,0.257,5.26,1.0,6.0,4.0,0,231.0,9.0,31,6.0,4.0,,53.0,1.42,7.13,4.42,0.34,18.18
turneja01,2012,2,MIA,NL,1,4,7,7,0,0,0,128.0,33,16,5,9,29,0.208,3.38,2.0,4.0,0.0,0,170.0,0.0,21,1.0,1.0,,42.67,0.98,6.12,1.9,1.05,17.06
ueharko01,2012,1,TEX,AL,0,0,37,0,0,0,1,108.0,20,7,4,3,43,0.16,1.75,0.0,1.0,0.0,0,130.0,13.0,7,1.0,1.0,,36.0,0.64,10.75,0.75,1.0,33.08
valdera02,2012,1,PHI,NL,3,2,27,1,0,0,0,93.0,18,10,3,5,35,0.168,2.9,1.0,0.0,0.0,0,113.0,7.0,10,1.0,0.0,,31.0,0.74,10.16,1.45,0.87,30.97
valvejo01,2012,1,DET,AL,3,4,71,0,0,0,35,207.0,59,29,3,27,48,0.229,3.78,5.0,1.0,4.0,0,294.0,67.0,34,2.0,3.0,,69.0,1.25,6.26,3.52,0.39,16.33
vargaja01,2012,1,SEA,AL,14,11,33,33,2,0,0,652.0,201,93,35,55,141,0.245,3.85,1.0,5.0,3.0,0,887.0,0.0,94,3.0,6.0,,217.33,1.18,5.84,2.28,1.45,15.9
vasques01,2012,1,MIN,AL,0,2,6,6,0,0,0,95.0,32,20,2,19,14,0.274,5.68,0.0,1.0,1.0,0,141.0,0.0,20,1.0,3.0,,31.67,1.61,3.98,5.4,0.57,9.93
ventejo01,2012,1,ATL,NL,5,4,66,0,0,0,0,176.0,61,21,6,28,69,0.27,3.22,3.0,9.0,5.0,0,262.0,12.0,23,3.0,0.0,,58.67,1.52,10.58,4.3,0.92,26.34
verasjo01,2012,1,MIL,NL,5,4,72,0,0,0,1,201.0,61,27,5,40,79,0.239,3.63,1.0,1.0,2.0,0,300.0,17.0,29,1.0,2.0,,67.0,1.51,10.61,5.37,0.67,26.33
verlaju01,2012,1,DET,AL,17,8,33,33,6,1,0,715.0,192,70,19,60,239,0.217,2.64,2.0,2.0,5.0,1,956.0,0.0,81,4.0,3.0,,238.33,1.06,9.03,2.27,0.72,25.0
villabr02,2012,1,DET,AL,3,5,50,0,0,0,0,164.0,38,16,3,28,66,0.2,2.63,3.0,9.0,1.0,2,226.0,15.0,20,1.0,6.0,,54.67,1.21,10.87,4.61,0.49,29.2
villaca01,2012,1,TOR,AL,7,7,38,16,0,0,0,376.0,113,58,23,46,122,0.242,4.16,4.0,6.0,3.0,1,521.0,9.0,59,2.0,4.0,,125.33,1.27,8.76,3.3,1.65,23.42
vogelry01,2012,1,SFN,NL,14,9,31,31,0,0,0,569.0,171,71,17,62,158,0.242,3.37,7.0,3.0,8.0,0,788.0,0.0,76,7.0,4.0,,189.67,1.23,7.5,2.94,0.81,20.05
volqued01,2012,1,SDN,NL,11,11,32,32,1,1,0,548.0,160,84,14,105,174,0.236,4.14,6.0,9.0,9.0,1,802.0,0.0,88,5.0,4.0,,182.67,1.45,8.57,5.17,0.69,21.7
volstch01,2012,1,CHN,NL,3,12,21,21,0,0,0,334.0,137,78,16,43,61,0.306,6.31,4.0,2.0,3.0,1,507.0,0.0,81,5.0,8.0,,111.33,1.62,4.93,3.48,1.29,12.03
wadeco01,2012,1,NYA,AL,1,1,39,0,0,0,0,117.0,46,28,8,8,38,0.286,6.46,1.0,0.0,1.0,0,171.0,7.0,29,0.0,1.0,,39.0,1.38,8.77,1.85,1.85,22.22
wainwad01,2012,1,SLN,NL,14,13,32,32,3,2,0,596.0,196,87,15,52,184,0.259,3.94,3.0,5.0,6.0,2,831.0,0.0,96,9.0,6.0,,198.67,1.25,8.34,2.36,0.68,22.14
waldejo01,2012,1,LAA,AL,3,2,45,0,0,0,1,117.0,35,15,3,18,48,0.229,3.46,1.0,7.0,0.0,0,172.0,20.0,15,0.0,1.0,,39.0,1.36,11.08,4.15,0.69,27.91
waltepj01,2012,1,MIN,AL,2,5,12,12,1,0,0,185.0,71,39,12,22,42,0.291,5.69,1.0,1.0,3.0,0,271.0,0.0,41,1.0,1.0,,61.67,1.51,6.13,3.21,1.75,15.5
wangch01,2012,1,WAS,NL,2,3,10,5,0,0,0,97.0,50,24,5,15,15,0.376,6.68,0.0,5.0,3.0,0,158.0,0.0,24,4.0,3.0,,32.33,2.01,4.18,4.18,1.39,9.49
watsoto01,2012,1,PIT,NL,5,2,68,0,0,0,0,160.0,37,20,5,23,53,0.198,3.38,1.0,1.0,1.0,0,215.0,10.0,21,2.0,2.0,,53.33,1.13,8.94,3.88,0.84,24.65
weaveje02,2012,1,LAA,AL,20,5,30,30,3,2,0,566.0,147,59,20,45,142,0.214,2.81,0.0,2.0,4.0,0,739.0,0.0,63,0.0,4.0,,188.67,1.02,6.77,2.15,0.95,19.22
webbry01,2012,1,MIA,NL,4,3,65,0,0,0,0,181.0,72,27,2,20,44,0.295,4.03,8.0,0.0,4.0,0,270.0,21.0,30,0.0,2.0,,60.33,1.52,6.56,2.98,0.3,16.3
wellski01,2012,1,SDN,NL,2,4,7,7,0,0,0,112.0,41,19,6,20,19,0.283,4.58,1.0,4.0,1.0,0,169.0,0.0,23,1.0,2.0,,37.33,1.63,4.58,4.82,1.45,11.24
wernean01,2012,1,SDN,NL,2,3,8,8,0,0,0,121.0,45,25,5,14,35,0.285,5.58,1.0,1.0,1.0,1,177.0,0.0,26,2.0,2.0,,40.33,1.46,7.81,3.12,1.12,19.77
westbja01,2012,1,SLN,NL,13,11,28,28,1,0,0,524.0,191,77,12,52,106,0.282,3.97,0.0,5.0,8.0,0,751.0,0.0,85,8.0,5.0,,174.67,1.39,5.46,2.68,0.62,14.11
whiteal01,2012,1,COL,NL,2,9,23,20,0,0,0,294.0,114,60,13,51,64,0.288,5.51,9.0,6.0,5.0,0,459.0,0.0,66,5.0,2.0,,98.0,1.68,5.88,4.68,1.19,13.94
wilheto01,2012,1,SEA,AL,4,3,73,0,0,0,29,238.0,59,22,5,29,87,0.202,2.5,3.0,3.0,2.0,0,326.0,48.0,24,1.0,2.0,,79.33,1.11,9.87,3.29,0.57,26.69
willije02,2012,1,LAA,AL,6,8,32,15,1,1,1,413.0,139,70,17,35,98,0.263,4.58,1.0,1.0,5.0,0,572.0,7.0,73,0.0,4.0,,137.67,1.26,6.41,2.29,1.11,17.13
wilsocj01,2012,1,LAA,AL,13,10,34,34,0,0,0,607.0,181,86,19,91,173,0.239,3.83,2.0,4.0,6.0,1,865.0,0.0,102,4.0,6.0,,202.33,1.34,7.7,4.05,0.85,20.0
wolfra02,2012,1,MIL,NL,3,10,25,24,0,0,0,427.0,179,90,21,45,96,0.314,5.69,1.0,2.0,6.0,2,633.0,0.0,94,8.0,4.0,,142.33,1.57,6.07,2.85,1.33,15.17
woodtr01,2012,1,CHN,NL,6,13,26,26,0,0,0,468.0,133,74,25,54,119,0.232,4.27,3.0,2.0,8.0,1,649.0,0.0,80,9.0,4.0,,156.0,1.2,6.87,3.12,1.44,18.34
worleva01,2012,1,PHI,NL,6,9,23,23,0,0,0,399.0,154,62,12,47,107,0.294,4.2,4.0,1.0,6.0,0,590.0,0.0,69,11.0,3.0,,133.0,1.51,7.24,3.18,0.81,18.14
wrighja01,2012,1,LAN,NL,5,3,66,0,0,0,0,203.0,72,28,2,30,54,0.27,3.72,7.0,2.0,4.0,0,306.0,22.0,35,3.0,2.0,,67.67,1.51,7.18,3.99,0.27,17.65
wrighwe01,2012,1,HOU,NL,2,2,77,0,0,0,1,157.0,45,19,4,17,54,0.226,3.27,0.0,1.0,6.0,0,223.0,13.0,20,1.0,0.0,,52.33,1.18,9.29,2.92,0.69,24.22
youngch03,2012,1,NYN,NL,4,9,20,20,0,0,0,345.0,119,53,16,36,80,0.269,4.15,5.0,3.0,2.0,0,493.0,0.0,58,9.0,4.0,,115.0,1.35,6.26,2.82,1.25,16.23
zagurmi01,2012,1,ARI,NL,0,0,45,0,0,0,0,112.0,37,23,5,19,34,0.272,5.54,0.0,5.0,1.0,0,163.0,13.0,24,2.0,5.0,,37.33,1.5,8.2,4.58,1.21,20.86
zambrca01,2012,1,MIA,NL,7,10,35,20,1,1,0,397.0,123,66,9,75,95,0.251,4.49,1.0,1.0,10.0,0,591.0,5.0,75,7.0,8.0,,132.33,1.5,6.46,5.1,0.61,16.07
zieglbr01,2012,1,ARI,NL,6,1,77,0,0,0,0,206.0,54,19,2,21,42,0.228,2.49,2.0,1.0,1.0,0,263.0,15.0,21,2.0,2.0,,68.67,1.09,5.5,2.75,0.26,15.97
zimmejo02,2012,1,WAS,NL,12,8,32,32,0,0,0,587.0,186,64,18,43,153,0.251,2.94,2.0,3.0,8.0,0,805.0,0.0,69,8.0,4.0,,195.67,1.17,7.04,1.98,0.83,19.01
zitoba01,2012,1,SFN,NL,15,8,32,32,1,1,0,553.0,186,85,20,70,114,0.263,4.15,6.0,1.0,5.0,0,799.0,0.0,91,12.0,4.0,,184.33,1.39,5.57,3.42,0.98,14.27
