playerID,yearID,stint,teamID,lgID,W,L,G,GS,CG,SHO,SV,IPouts,H,ER,HR,BB,SO,BAOpp,ERA,IBB,WP,HBP,BK,BFP,GF,R,SH,SF,GIDP,IP,WHIP,K/9,BB/9,HR/9,KPct,PlayerName
alvarhe01,2012,1,TOR,AL,9,14,31,31,1,1,0,562.0,216,101,29,54,79,0.29,4.85,2.0,3.0,3.0,1,807.0,0.0,110,2.0,4.0,,187.33,1.44,3.8,2.59,1.39,9.79,Henderson Alvarez
arrieja01,2012,1,BAL,AL,3,9,24,18,0,0,0,344.0,122,79,16,35,109,0.272,6.2,3.0,4.0,5.0,0,496.0,1.0,82,3.0,4.0,,114.67,1.37,8.55,2.75,1.26,21.98,Jake Arrieta
arroybr01,2012,1,CIN,NL,12,10,32,32,1,1,0,606.0,209,84,26,35,129,0.267,3.74,1.0,3.0,5.0,0,835.0,0.0,86,7.0,6.0,,202.0,1.21,5.75,1.56,1.16,15.45,Bronson Arroyo
baileho02,2012,1,CIN,NL,13,10,33,33,2,1,0,624.0,206,85,26,52,168,0.256,3.68,3.0,3.0,8.0,0,874.0,0.0,97,5.0,5.0,,208.0,1.24,7.27,2.25,1.12,19.22,Homer Bailey
beavabl01,2012,1,SEA,AL,11,11,26,26,0,0,0,457.0,168,75,23,24,67,0.281,4.43,0.0,3.0,10.0,0,638.0,0.0,76,1.0,5.0,,152.33,1.26,3.96,1.42,1.36,10.5,Blake Beavan
beckejo02,2012,1,BOS,AL,5,11,21,21,0,0,0,382.0,131,74,16,38,94,0.266,5.23,2.0,4.0,5.0,0,547.0,0.0,75,3.0,8.0,,127.33,1.33,6.64,2.69,1.13,17.18,Josh Beckett
bedarer01,2012,1,PIT,NL,7,14,24,24,0,0,0,377.0,129,70,14,56,118,0.263,5.01,2.0,1.0,3.0,1,557.0,0.0,76,5.0,2.0,,125.67,1.47,8.45,4.01,1.0,21.18,Erik Bedard
billich01,2012,1,LAN,NL,10,9,25,25,0,0,0,449.0,148,59,11,45,128,0.257,3.55,2.0,5.0,5.0,0,634.0,0.0,66,6.0,3.0,,149.67,1.29,7.7,2.71,0.66,20.19,Chad Billingsley
blantjo01,2012,1,PHI,NL,8,9,21,20,2,1,0,400.0,141,68,22,18,115,0.266,4.59,2.0,4.0,3.0,0,560.0,1.0,74,6.0,3.0,,133.33,1.19,7.76,1.22,1.49,20.54,Joe Blanton
buchhcl01,2012,1,BOS,AL,11,8,29,29,2,1,0,568.0,187,96,25,64,129,0.263,4.56,2.0,2.0,12.0,2,802.0,0.0,104,5.0,9.0,,189.33,1.33,6.13,3.04,1.19,16.08,Clay Buchholz
buehrma01,2012,1,MIA,NL,13,13,31,31,1,0,0,607.0,197,84,26,40,125,0.258,3.74,3.0,2.0,4.0,0,828.0,0.0,88,14.0,7.0,,202.33,1.17,5.56,1.78,1.16,15.1,Mark Buehrle
bumgama01,2012,1,SFN,NL,16,11,32,32,2,1,0,625.0,183,78,23,49,191,0.234,3.37,6.0,3.0,7.0,2,849.0,0.0,87,7.0,4.0,,208.33,1.11,8.25,2.12,0.99,22.5,Madison Bumgarner
burneaj01,2012,1,PIT,NL,16,10,31,31,1,1,0,607.0,189,79,18,62,180,0.246,3.51,1.0,10.0,9.0,0,851.0,0.0,86,5.0,8.0,,202.33,1.24,8.01,2.76,0.8,21.15,A. J. Burnett
cahiltr01,2012,1,ARI,NL,13,12,32,32,2,1,0,600.0,184,84,16,74,156,0.25,3.78,0.0,10.0,11.0,2,839.0,0.0,93,12.0,6.0,,200.0,1.29,7.02,3.33,0.72,18.59,Trevor Cahill
cainma01,2012,1,SFN,NL,16,5,32,32,2,2,0,658.0,177,68,21,51,193,0.222,2.79,1.0,8.0,9.0,0,876.0,0.0,73,11.0,9.0,,219.33,1.04,7.92,2.09,0.86,22.03,Matt Cain
capuach01,2012,1,LAN,NL,12,12,33,33,0,0,0,595.0,188,82,25,54,162,0.254,3.72,4.0,6.0,2.0,0,817.0,0.0,91,16.0,4.0,,198.33,1.22,7.35,2.45,1.13,19.83,Chris Capuano
chenbr01,2012,1,KCA,AL,11,14,34,34,0,0,0,575.0,215,108,33,47,140,0.281,5.07,3.0,5.0,8.0,0,827.0,0.0,114,3.0,5.0,,191.67,1.37,6.57,2.21,1.55,16.93,Bruce Chen
chenwe02,2012,1,BAL,AL,12,11,32,32,0,0,0,578.0,186,86,29,57,154,0.25,4.02,0.0,2.0,5.0,1,818.0,0.0,97,5.0,8.0,,192.67,1.26,7.19,2.66,1.35,18.83,Wei-Yin Chen
cobbal01,2012,1,TBA,AL,11,9,23,23,2,1,0,409.0,130,61,11,40,106,0.254,4.03,2.0,8.0,9.0,1,569.0,0.0,67,3.0,6.0,,136.33,1.25,7.0,2.64,0.73,18.63,Alex Cobb
colonba01,2012,1,OAK,AL,10,9,24,24,0,0,0,457.0,161,58,17,23,91,0.266,3.43,3.0,0.0,1.0,0,636.0,0.0,62,3.0,4.0,,152.33,1.21,5.38,1.36,1.0,14.31,Bartolo Colon
corbipa01,2012,1,ARI,NL,6,8,22,17,0,0,1,321.0,117,54,14,25,86,0.28,4.54,2.0,1.0,4.0,0,454.0,3.0,56,2.0,5.0,,107.0,1.33,7.23,2.1,1.18,18.94,Patrick Corbin
correke01,2012,1,PIT,NL,12,11,32,28,0,0,0,513.0,176,80,20,46,89,0.267,4.21,2.0,2.0,3.0,0,728.0,0.0,89,14.0,7.0,,171.0,1.3,4.68,2.42,1.05,12.23,Kevin Correia
cuetojo01,2012,1,CIN,NL,19,9,33,33,2,0,0,651.0,205,67,15,49,170,0.252,2.78,5.0,1.0,12.0,3,888.0,0.0,73,6.0,6.0,,217.0,1.17,7.05,2.03,0.62,19.14,Johnny Cueto
darviyu01,2012,1,TEX,AL,16,9,29,29,0,0,0,574.0,156,83,14,89,221,0.22,3.9,1.0,8.0,10.0,0,816.0,0.0,89,2.0,7.0,,191.33,1.28,10.4,4.19,0.66,27.08,Yu Darvish
dempsry01,2012,1,CHN,NL,5,5,16,16,0,0,0,312.0,81,26,9,27,83,0.21,2.25,0.0,0.0,1.0,1,417.0,0.0,28,2.0,1.0,,104.0,1.04,7.18,2.34,0.78,19.9,Ryan Dempster
detwiro01,2012,1,WAS,NL,10,8,33,27,0,0,0,493.0,149,62,15,52,105,0.241,3.4,0.0,4.0,5.0,1,686.0,1.0,75,8.0,3.0,,164.33,1.22,5.75,2.85,0.82,15.31,Ross Detwiler
diamosc01,2012,1,MIN,AL,12,9,27,27,1,1,0,519.0,184,68,17,31,90,0.274,3.54,2.0,10.0,4.0,0,714.0,0.0,76,3.0,5.0,,173.0,1.24,4.68,1.61,0.88,12.61,Scott Diamond
dickera01,2012,1,NYN,NL,20,6,34,33,5,3,0,701.0,192,71,24,54,230,0.226,2.73,2.0,4.0,9.0,1,927.0,1.0,78,9.0,7.0,,233.67,1.05,8.86,2.08,0.92,24.81,R. A. Dickey
doubrfe01,2012,1,BOS,AL,11,10,29,29,0,0,0,483.0,162,87,24,71,167,0.259,4.86,0.0,5.0,5.0,0,709.0,0.0,95,1.0,6.0,,161.0,1.45,9.34,3.97,1.34,23.55,Felix Doubront
estrama01,2012,1,MIL,NL,5,7,29,23,0,0,0,415.0,129,56,18,29,143,0.247,3.64,0.0,4.0,0.0,1,562.0,0.0,62,7.0,3.0,,138.33,1.14,9.3,1.89,1.17,25.44,Marco Estrada
feldmsc01,2012,1,TEX,AL,6,11,29,21,0,0,0,371.0,139,70,14,32,96,0.279,5.09,2.0,2.0,1.0,1,536.0,5.0,79,0.0,5.0,,123.67,1.38,6.99,2.33,1.02,17.91,Scott Feldman
fiersmi01,2012,1,MIL,NL,9,10,23,22,0,0,0,383.0,125,53,12,36,135,0.254,3.74,0.0,4.0,2.0,0,539.0,1.0,56,4.0,4.0,,127.67,1.26,9.52,2.54,0.85,25.05,Mike Fiers
fistedo01,2012,1,DET,AL,10,10,26,26,2,1,0,485.0,156,62,15,37,137,0.249,3.45,1.0,1.0,7.0,0,673.0,0.0,73,3.0,0.0,,161.67,1.19,7.63,2.06,0.84,20.36,Doug Fister
floydga01,2012,1,CHA,AL,12,11,29,29,0,0,0,504.0,166,80,22,63,144,0.259,4.29,2.0,8.0,14.0,0,724.0,0.0,84,3.0,3.0,,168.0,1.36,7.71,3.38,1.18,19.89,Gavin Floyd
francje01,2012,1,COL,NL,6,7,24,24,0,0,0,339.0,145,70,15,22,76,0.316,5.58,5.0,2.0,8.0,0,502.0,0.0,71,10.0,3.0,,113.0,1.48,6.05,1.75,1.19,15.14,Jeff Francis
gallayo01,2012,1,MIL,NL,16,9,33,33,0,0,0,612.0,185,83,26,81,204,0.243,3.66,3.0,5.0,0.0,0,860.0,0.0,86,11.0,6.0,,204.0,1.3,9.0,3.57,1.15,23.72,Yovani Gallardo
garcifr02,2012,1,NYA,AL,7,6,30,17,0,0,0,322.0,112,62,18,35,89,0.27,5.2,2.0,10.0,3.0,1,461.0,10.0,64,4.0,4.0,,107.33,1.37,7.46,2.93,1.51,19.31,Freddy Garcia
garcija02,2012,1,SLN,NL,7,7,20,20,0,0,0,365.0,136,53,7,30,98,0.289,3.92,1.0,12.0,0.0,1,515.0,0.0,58,8.0,7.0,,121.67,1.36,7.25,2.22,0.52,19.03,Jaime Garcia
garzama01,2012,1,CHN,NL,5,7,18,18,0,0,0,311.0,90,45,15,32,96,0.236,3.91,0.0,1.0,4.0,0,424.0,0.0,48,5.0,1.0,,103.67,1.18,8.33,2.78,1.3,22.64,Matt Garza
geedi01,2012,1,NYN,NL,6,7,17,17,0,0,0,329.0,108,50,12,29,97,0.255,4.1,0.0,0.0,6.0,1,463.0,0.0,56,2.0,3.0,,109.67,1.25,7.96,2.38,0.98,20.95,Dillon Gee
gonzagi01,2012,1,WAS,NL,21,8,32,32,2,1,0,598.0,149,64,9,76,207,0.206,2.89,3.0,10.0,5.0,1,822.0,0.0,69,9.0,7.0,,199.33,1.13,9.35,3.43,0.41,25.18,Gio Gonzalez
greinza01,2012,1,MIL,NL,9,3,21,21,0,0,0,369.0,120,47,7,28,122,0.254,3.44,0.0,4.0,0.0,0,504.0,0.0,49,3.0,0.0,,123.0,1.2,8.93,2.05,0.51,24.21,Zack Greinke
hallaro01,2012,1,PHI,NL,11,8,25,25,0,0,0,469.0,155,78,18,36,132,0.261,4.49,0.0,2.0,5.0,0,646.0,0.0,78,5.0,6.0,,156.33,1.22,7.6,2.07,1.04,20.43,Roy Halladay
hamelco01,2012,1,PHI,NL,17,6,31,31,2,2,0,646.0,190,73,24,52,216,0.237,3.05,3.0,3.0,3.0,2,867.0,0.0,80,6.0,4.0,,215.33,1.12,9.03,2.17,1.0,24.91,Cole Hamels
hammeja01,2012,1,BAL,AL,8,6,20,20,1,1,0,354.0,104,45,9,42,113,0.234,3.43,2.0,3.0,2.0,0,493.0,0.0,48,3.0,1.0,,118.0,1.24,8.62,3.2,0.69,22.92,Jason Hammel
hansoto01,2012,1,ATL,NL,13,10,31,31,0,0,0,524.0,183,87,27,71,161,0.271,4.48,5.0,6.0,5.0,0,761.0,0.0,95,8.0,2.0,,174.67,1.45,8.3,3.66,1.39,21.16,Tommy Hanson
happja01,2012,1,HOU,NL,7,9,18,18,0,0,0,313.0,112,56,17,39,98,0.275,4.83,0.0,5.0,1.0,0,457.0,0.0,58,7.0,2.0,,104.33,1.45,8.45,3.36,1.47,21.44,J. A. Happ
haranaa01,2012,1,LAN,NL,10,10,31,31,0,0,0,539.0,167,72,14,85,131,0.246,3.61,10.0,4.0,4.0,0,786.0,0.0,85,9.0,10.0,,179.67,1.4,6.56,4.26,0.7,16.67,Aaron Harang
harenda01,2012,1,LAA,AL,12,13,30,30,1,1,0,530.0,190,85,28,38,142,0.275,4.33,3.0,5.0,3.0,1,747.0,0.0,95,7.0,8.0,,176.67,1.29,7.23,1.94,1.43,19.01,Dan Haren
harrelu01,2012,1,HOU,NL,11,11,32,32,1,1,0,581.0,185,81,13,78,140,0.253,3.76,5.0,10.0,1.0,3,827.0,0.0,90,8.0,10.0,,193.67,1.36,6.51,3.62,0.6,16.93,Lucas Harrell
harrima01,2012,1,TEX,AL,18,11,32,32,4,2,0,640.0,210,78,22,59,133,0.258,3.29,0.0,2.0,1.0,0,876.0,0.0,82,1.0,2.0,,213.33,1.26,5.61,2.49,0.93,15.18,Matt Harrison
hellije01,2012,1,TBA,AL,10,11,31,31,0,0,0,531.0,163,61,25,59,124,0.243,3.1,3.0,5.0,4.0,0,741.0,0.0,68,4.0,3.0,,177.0,1.25,6.31,3.0,1.27,16.73,Jeremy Hellickson
hernafe02,2012,1,SEA,AL,13,9,33,33,5,5,0,696.0,209,79,14,56,223,0.241,3.06,0.0,13.0,12.0,2,939.0,0.0,84,2.0,2.0,,232.0,1.14,8.65,2.17,0.54,23.75,Felix Hernandez
hochelu01,2012,1,KCA,AL,8,16,32,32,2,1,0,556.0,202,118,27,61,144,0.281,5.73,3.0,8.0,13.0,0,800.0,0.0,127,4.0,3.0,,185.33,1.42,6.99,2.96,1.31,18.0,Luke Hochevar
hollade01,2012,1,TEX,AL,12,7,29,27,0,0,0,526.0,162,91,32,52,145,0.243,4.67,0.0,1.0,3.0,0,730.0,1.0,100,5.0,4.0,,175.33,1.22,7.44,2.67,1.64,19.86,Derek Holland
hudsoti01,2012,1,ATL,NL,16,7,28,28,1,1,0,537.0,168,72,12,48,102,0.248,3.62,2.0,3.0,9.0,0,749.0,0.0,77,10.0,4.0,,179.0,1.21,5.13,2.41,0.6,13.62,Tim Hudson
hugheph01,2012,1,NYA,AL,16,13,32,32,1,0,0,574.0,196,89,35,46,165,0.259,4.19,0.0,3.0,6.0,0,815.0,0.0,101,1.0,4.0,,191.33,1.26,7.76,2.16,1.65,20.25,Phil Hughes
humbeph01,2012,1,CHA,AL,5,5,26,16,1,1,0,306.0,113,73,23,44,85,0.276,6.44,1.0,9.0,4.0,0,462.0,6.0,74,1.0,4.0,,102.0,1.54,7.5,3.88,2.03,18.4,Philip Humber
hunteto02,2012,1,BAL,AL,7,8,33,20,0,0,0,401.0,161,81,32,27,77,0.302,5.45,2.0,0.0,4.0,1,573.0,5.0,85,3.0,6.0,,133.67,1.41,5.18,1.82,2.15,13.44,Tommy Hunter
iwakuhi01,2012,1,SEA,AL,9,5,30,16,0,0,2,376.0,117,44,17,43,101,0.248,3.16,3.0,5.0,3.0,0,519.0,6.0,49,1.0,1.0,,125.33,1.28,7.25,3.09,1.22,19.46,Hisashi Iwakuma
jacksed01,2012,1,WAS,NL,10,11,31,31,1,0,0,569.0,173,85,23,58,168,0.243,4.03,5.0,3.0,2.0,0,790.0,0.0,90,9.0,8.0,,189.67,1.22,7.97,2.75,1.09,21.27,Edwin Jackson
jimenub01,2012,1,CLE,AL,9,17,31,31,0,0,0,530.0,190,106,25,95,143,0.273,5.4,3.0,16.0,8.0,1,805.0,0.0,116,2.0,3.0,,176.67,1.61,7.28,4.84,1.27,17.76,Ubaldo Jimenez
johnsjo09,2012,1,MIA,NL,8,14,31,31,0,0,0,574.0,180,81,14,65,165,0.252,3.81,7.0,5.0,4.0,0,798.0,0.0,84,8.0,8.0,,191.33,1.28,7.76,3.06,0.66,20.68,Josh Johnson
kellyjo05,2012,1,SLN,NL,5,7,24,16,0,0,0,321.0,112,42,10,36,75,0.271,3.53,2.0,4.0,3.0,0,457.0,4.0,50,4.0,1.0,,107.0,1.38,6.31,3.03,0.84,16.41,Joe Kelly
kendrky01,2012,1,PHI,NL,11,12,37,25,1,1,0,478.0,154,69,20,49,116,0.254,3.9,4.0,1.0,7.0,0,674.0,2.0,76,8.0,4.0,,159.33,1.27,6.55,2.77,1.13,17.21,Kyle Kendrick
kenneia01,2012,1,ARI,NL,15,12,33,33,1,0,0,625.0,216,93,28,55,187,0.266,4.02,4.0,5.0,14.0,4,899.0,0.0,101,13.0,5.0,,208.33,1.3,8.08,2.38,1.21,20.8,Ian Kennedy
kershcl01,2012,1,LAN,NL,14,9,33,33,2,2,0,683.0,170,64,16,63,229,0.21,2.53,5.0,6.0,5.0,2,901.0,0.0,70,18.0,4.0,,227.67,1.02,9.05,2.49,0.63,25.42,Clayton Kershaw
kurodhi01,2012,1,NYA,AL,16,11,33,33,3,2,0,659.0,205,81,25,51,167,0.249,3.32,2.0,13.0,8.0,0,891.0,0.0,86,7.0,3.0,,219.67,1.17,6.84,2.09,1.02,18.74,Hiroki Kuroda
laffeaa01,2012,1,TOR,AL,4,6,22,16,0,0,0,302.0,100,51,17,37,48,0.26,4.56,1.0,2.0,5.0,0,429.0,1.0,56,2.0,0.0,,100.67,1.36,4.29,3.31,1.52,11.19,Aaron Laffey
latosma01,2012,1,CIN,NL,14,4,33,33,2,0,0,628.0,179,81,25,64,185,0.23,3.48,9.0,3.0,4.0,1,858.0,0.0,87,9.0,3.0,,209.33,1.16,7.95,2.75,1.07,21.56,Mat Latos
leakemi01,2012,1,CIN,NL,8,9,30,30,2,0,0,537.0,201,91,26,41,116,0.287,4.58,3.0,3.0,3.0,0,757.0,0.0,97,6.0,7.0,,179.0,1.35,5.83,2.06,1.31,15.32,Mike Leake
leecl02,2012,1,PHI,NL,6,9,30,30,0,0,0,633.0,207,74,26,28,207,0.255,3.16,0.0,4.0,0.0,0,847.0,0.0,79,3.0,4.0,,211.0,1.11,8.83,1.19,1.11,24.44,Cliff Lee
lestejo01,2012,1,BOS,AL,9,14,33,33,3,0,0,616.0,216,110,25,68,166,0.273,4.82,2.0,6.0,4.0,0,876.0,0.0,117,5.0,7.0,,205.33,1.38,7.28,2.98,1.1,18.95,Jon Lester
lewisco01,2012,1,TEX,AL,6,6,16,16,2,0,0,315.0,99,40,16,14,93,0.245,3.43,0.0,2.0,6.0,0,427.0,0.0,48,1.0,2.0,,105.0,1.08,7.97,1.2,1.37,21.78,Colby Lewis
linceti01,2012,1,SFN,NL,10,15,33,33,0,0,0,558.0,183,107,23,90,190,0.256,5.18,3.0,17.0,4.0,2,825.0,0.0,111,11.0,6.0,,186.0,1.47,9.19,4.35,1.11,23.03,Tim Lincecum
liriafr01,2012,1,MIN,AL,3,10,22,17,0,0,0,300.0,89,59,12,55,109,0.239,5.31,4.0,6.0,4.0,1,440.0,2.0,63,2.0,7.0,,100.0,1.44,9.81,4.95,1.08,24.77,Francisco Liriano
lohseky01,2012,1,SLN,NL,16,3,33,33,0,0,0,633.0,192,67,19,38,143,0.239,2.86,1.0,1.0,4.0,0,864.0,0.0,74,11.0,7.0,,211.0,1.09,6.1,1.62,0.81,16.55,Kyle Lohse
lowede01,2012,1,CLE,AL,8,10,21,21,1,1,0,357.0,156,73,8,45,41,0.321,5.52,3.0,5.0,3.0,1,542.0,0.0,79,3.0,5.0,,119.0,1.69,3.1,3.4,0.61,7.56,Derek Lowe
lylesjo01,2012,1,HOU,NL,5,12,25,25,1,1,0,424.0,159,80,20,42,99,0.278,5.09,4.0,2.0,5.0,0,628.0,0.0,97,6.0,4.0,,141.33,1.42,6.3,2.67,1.27,15.76,Jordan Lyles
lynnla01,2012,1,SLN,NL,18,7,35,29,0,0,0,528.0,168,74,16,64,180,0.253,3.78,3.0,3.0,10.0,0,744.0,2.0,76,4.0,3.0,,176.0,1.32,9.2,3.27,0.82,24.19,Lance Lynn
maholpa01,2012,1,CHN,NL,9,6,21,20,0,0,0,361.0,115,50,12,34,81,0.256,3.74,2.0,4.0,10.0,0,503.0,0.0,51,5.0,4.0,,120.33,1.24,6.06,2.54,0.9,16.1,Paul Maholm
marcush01,2012,1,MIL,NL,7,4,21,21,0,0,0,372.0,116,51,16,41,109,0.245,3.7,2.0,3.0,4.0,2,527.0,0.0,57,6.0,2.0,,124.0,1.27,7.91,2.98,1.16,20.68,Shaun Marcum
masteju01,2012,1,CLE,AL,11,15,34,34,1,0,0,619.0,212,113,18,88,159,0.269,4.93,1.0,14.0,13.0,0,906.0,0.0,122,6.0,11.0,,206.33,1.45,6.94,3.84,0.79,17.55,Justin Masterson
mcallza01,2012,1,CLE,AL,6,8,22,22,0,0,0,376.0,133,59,19,38,110,0.268,4.24,0.0,0.0,1.0,2,543.0,0.0,78,2.0,5.0,,125.33,1.36,7.9,2.73,1.36,20.26,Zach McAllister
mccarbr01,2012,1,OAK,AL,8,6,18,18,0,0,0,333.0,115,40,10,24,73,0.267,3.24,2.0,0.0,6.0,0,469.0,0.0,44,5.0,4.0,,111.0,1.25,5.92,1.95,0.81,15.57,Brandon McCarthy
mcdonja03,2012,1,PIT,NL,12,8,30,29,1,0,0,513.0,147,80,21,69,151,0.233,4.21,6.0,3.0,4.0,0,713.0,0.0,85,5.0,4.0,,171.0,1.26,7.95,3.63,1.11,21.18,James McDonald
mendolu01,2012,1,KCA,AL,8,10,30,25,0,0,0,498.0,176,78,15,59,104,0.278,4.23,3.0,6.0,11.0,2,709.0,0.0,84,2.0,5.0,,166.0,1.42,5.64,3.2,0.81,14.67,Luis Mendoza
mileywa01,2012,1,ARI,NL,16,11,32,29,0,0,0,584.0,193,72,14,37,144,0.255,3.33,0.0,6.0,2.0,1,807.0,0.0,79,8.0,3.0,,194.67,1.18,6.66,1.71,0.65,17.84,Wade Miley
millwke01,2012,1,SEA,AL,6,12,28,28,1,1,0,483.0,168,76,13,56,107,0.271,4.25,3.0,5.0,3.0,0,689.0,0.0,86,6.0,4.0,,161.0,1.39,5.98,3.13,0.73,15.53,Kevin Millwood
milonto01,2012,1,OAK,AL,13,10,31,31,1,0,0,570.0,207,79,24,36,137,0.278,3.74,2.0,2.0,4.0,0,791.0,0.0,90,3.0,3.0,,190.0,1.28,6.49,1.71,1.14,17.32,Tommy Milone
minormi01,2012,1,ATL,NL,11,10,30,30,0,0,0,538.0,151,82,26,56,145,0.232,4.12,7.0,3.0,5.0,0,728.0,0.0,88,8.0,8.0,,179.33,1.15,7.28,2.81,1.3,19.92,Mike Minor
moorema02,2012,1,TBA,AL,11,11,31,31,0,0,0,532.0,158,75,18,81,175,0.238,3.81,5.0,8.0,7.0,1,759.0,0.0,85,3.0,4.0,,177.33,1.35,8.88,4.11,0.91,23.06,Matt Moore
morrobr01,2012,1,TOR,AL,10,7,21,21,3,3,0,374.0,98,41,12,41,108,0.214,2.96,0.0,3.0,2.0,0,504.0,0.0,45,1.0,3.0,,124.67,1.11,7.8,2.96,0.87,21.43,Brandon Morrow
niesejo01,2012,1,NYN,NL,13,9,30,30,0,0,0,571.0,174,72,22,49,155,0.241,3.4,2.0,6.0,4.0,0,788.0,0.0,77,8.0,4.0,,190.33,1.17,7.33,2.32,1.04,19.67,Jonathon Niese
noesihe01,2012,1,SEA,AL,2,12,22,18,0,0,0,320.0,107,69,21,39,68,0.266,5.82,1.0,1.0,2.0,2,453.0,4.0,71,3.0,7.0,,106.67,1.37,5.74,3.29,1.77,15.01,Hector Noesi
nolasri01,2012,1,MIA,NL,12,13,31,31,3,2,0,573.0,214,95,18,47,125,0.285,4.48,9.0,8.0,8.0,1,832.0,0.0,100,19.0,6.0,,191.0,1.37,5.89,2.21,0.85,15.02,Ricky Nolasco
norribu01,2012,1,HOU,NL,7,13,29,29,0,0,0,505.0,165,87,23,66,165,0.254,4.65,2.0,8.0,8.0,0,733.0,0.0,90,7.0,2.0,,168.33,1.37,8.82,3.53,1.23,22.51,Bud Norris
novaiv01,2012,1,NYA,AL,12,8,28,28,0,0,0,511.0,194,95,28,56,153,0.288,5.02,3.0,6.0,10.0,2,748.0,0.0,100,3.0,6.0,,170.33,1.47,8.08,2.96,1.48,20.45,Ivan Nova
parkeja02,2012,1,OAK,AL,13,8,29,29,0,0,0,544.0,166,70,11,63,140,0.248,3.47,3.0,10.0,3.0,0,751.0,0.0,71,7.0,8.0,,181.33,1.26,6.95,3.13,0.55,18.64,Jarrod Parker
peavyja01,2012,1,CHA,AL,11,12,32,32,4,1,0,657.0,191,82,27,49,194,0.234,3.37,1.0,3.0,10.0,2,882.0,0.0,88,1.0,6.0,,219.0,1.1,7.97,2.01,1.11,22.0,Jake Peavy
porceri01,2012,1,DET,AL,10,12,31,31,0,0,0,529.0,226,90,16,44,107,0.31,4.59,3.0,6.0,6.0,0,783.0,0.0,101,2.0,3.0,,176.33,1.53,5.46,2.25,0.82,13.67,Rick Porcello
priceda01,2012,1,TBA,AL,20,5,31,31,2,1,0,633.0,173,60,16,59,205,0.226,2.56,2.0,8.0,5.0,1,836.0,0.0,63,2.0,3.0,,211.0,1.1,8.74,2.52,0.68,24.52,David Price
quintjo01,2012,1,CHA,AL,6,6,25,22,0,0,0,409.0,142,57,14,42,81,0.275,3.76,4.0,10.0,3.0,2,568.0,2.0,62,5.0,1.0,,136.33,1.35,5.35,2.77,0.92,14.26,Jose Quintana
richacl01,2012,1,SDN,NL,14,14,33,33,1,1,0,656.0,228,97,31,42,107,0.267,3.99,4.0,4.0,6.0,2,910.0,0.0,110,3.0,6.0,,218.67,1.23,4.4,1.73,1.28,11.76,Clayton Richard
rodriwa01,2012,1,HOU,NL,7,9,21,21,0,0,0,392.0,134,55,13,32,89,0.26,3.79,2.0,5.0,2.0,0,558.0,0.0,66,5.0,3.0,,130.67,1.27,6.13,2.2,0.9,15.95,Wandy Rodriguez
romerri01,2012,1,TOR,AL,9,14,32,32,1,0,0,543.0,198,116,21,105,124,0.282,5.77,1.0,8.0,10.0,0,829.0,0.0,122,7.0,4.0,,181.0,1.67,6.17,5.22,1.04,14.96,Ricky Romero
sabatcc01,2012,1,NYA,AL,15,6,28,28,2,0,0,600.0,184,75,22,44,197,0.238,3.38,2.0,4.0,8.0,1,833.0,0.0,89,4.0,3.0,,200.0,1.14,8.86,1.98,0.99,23.65,CC Sabathia
salech01,2012,1,CHA,AL,17,8,30,29,1,0,0,576.0,167,65,19,51,192,0.235,3.05,5.0,6.0,6.0,0,772.0,0.0,66,1.0,3.0,,192.0,1.14,9.0,2.39,0.89,24.87,Chris Sale
samarje01,2012,1,CHN,NL,9,13,28,28,1,0,0,524.0,157,74,20,56,180,0.24,3.81,2.0,10.0,4.0,0,723.0,0.0,79,5.0,4.0,,174.67,1.22,9.27,2.89,1.03,24.9,Jeff Samardzija
sanchan01,2012,1,MIA,NL,5,7,19,19,0,0,0,363.0,119,53,12,33,110,0.259,3.94,2.0,4.0,2.0,1,504.0,0.0,59,4.0,5.0,,121.0,1.26,8.18,2.45,0.89,21.83,Anibal Sanchez
santaer01,2012,1,LAA,AL,9,13,30,30,1,1,0,534.0,165,102,39,61,133,0.239,5.16,2.0,4.0,9.0,0,764.0,0.0,109,2.0,2.0,,178.0,1.27,6.72,3.08,1.97,17.41,Ervin Santana
santajo01,2012,1,NYN,NL,6,9,21,21,2,2,0,351.0,117,63,17,39,111,0.258,4.85,1.0,1.0,0.0,0,499.0,0.0,65,4.0,3.0,,117.0,1.33,8.54,3.0,1.31,22.24,Johan Santana
saundjo01,2012,1,ARI,NL,6,10,21,21,1,1,0,390.0,146,61,17,31,89,0.28,4.22,1.0,2.0,2.0,0,561.0,0.0,68,5.0,2.0,,130.0,1.36,6.16,2.15,1.18,15.86,Joe Saunders
scherma01,2012,1,DET,AL,16,7,32,32,0,0,0,563.0,179,78,23,60,231,0.25,3.74,2.0,2.0,5.0,1,787.0,0.0,82,5.0,1.0,,187.67,1.27,11.08,2.88,1.1,29.35,Max Scherzer
shielja02,2012,1,TBA,AL,15,10,33,33,3,2,0,683.0,208,89,25,58,223,0.239,3.52,2.0,7.0,11.0,1,944.0,0.0,103,3.0,2.0,,227.67,1.17,8.82,2.29,0.99,23.62,James Shields
strasst01,2012,1,WAS,NL,15,6,28,28,0,0,0,478.0,136,56,15,48,197,0.23,3.16,1.0,5.0,4.0,0,653.0,0.0,62,6.0,4.0,,159.33,1.15,11.13,2.71,0.85,30.17,Stephen Strasburg
tomlijo01,2012,1,CLE,AL,5,8,21,16,0,0,0,310.0,126,73,18,25,56,0.301,6.36,3.0,4.0,3.0,0,452.0,0.0,74,2.0,3.0,,103.33,1.46,4.88,2.18,1.57,12.39,Josh Tomlin
vargaja01,2012,1,SEA,AL,14,11,33,33,2,0,0,652.0,201,93,35,55,141,0.245,3.85,1.0,5.0,3.0,0,887.0,0.0,94,3.0,6.0,,217.33,1.18,5.84,2.28,1.45,15.9,Jason Vargas
verlaju01,2012,1,DET,AL,17,8,33,33,6,1,0,715.0,192,70,19,60,239,0.217,2.64,2.0,2.0,5.0,1,956.0,0.0,81,4.0,3.0,,238.33,1.06,9.03,2.27,0.72,25.0,Justin Verlander
villaca01,2012,1,TOR,AL,7,7,38,16,0,0,0,376.0,113,58,23,46,122,0.242,4.16,4.0,6.0,3.0,1,521.0,9.0,59,2.0,4.0,,125.33,1.27,8.76,3.3,1.65,23.42,Carlos Villanueva
vogelry01,2012,1,SFN,NL,14,9,31,31,0,0,0,569.0,171,71,17,62,158,0.242,3.37,7.0,3.0,8.0,0,788.0,0.0,76,7.0,4.0,,189.67,1.23,7.5,2.94,0.81,20.05,Ryan Vogelsong
volqued01,2012,1,SDN,NL,11,11,32,32,1,1,0,548.0,160,84,14,105,174,0.236,4.14,6.0,9.0,9.0,1,802.0,0.0,88,5.0,4.0,,182.67,1.45,8.57,5.17,0.69,21.7,Edinson Volquez
volstch01,2012,1,CHN,NL,3,12,21,21,0,0,0,334.0,137,78,16,43,61,0.306,6.31,4.0,2.0,3.0,1,507.0,0.0,81,5.0,8.0,,111.33,1.62,4.93,3.48,1.29,12.03,Chris Volstad
wainwad01,2012,1,SLN,NL,14,13,32,32,3,2,0,596.0,196,87,15,52,184,0.259,3.94,3.0,5.0,6.0,2,831.0,0.0,96,9.0,6.0,,198.67,1.25,8.34,2.36,0.68,22.14,Adam Wainwright
weaveje02,2012,1,LAA,AL,20,5,30,30,3,2,0,566.0,147,59,20,45,142,0.214,2.81,0.0,2.0,4.0,0,739.0,0.0,63,0.0,4.0,,188.67,1.02,6.77,2.15,0.95,19.22,Jered Weaver
westbja01,2012,1,SLN,NL,13,11,28,28,1,0,0,524.0,191,77,12,52,106,0.282,3.97,0.0,5.0,8.0,0,751.0,0.0,85,8.0,5.0,,174.67,1.39,5.46,2.68,0.62,14.11,Jake Westbrook
wilsocj01,2012,1,LAA,AL,13,10,34,34,0,0,0,607.0,181,86,19,91,173,0.239,3.83,2.0,4.0,6.0,1,865.0,0.0,102,4.0,6.0,,202.33,1.34,7.7,4.05,0.85,20.0,C. J. Wilson
wolfra02,2012,1,MIL,NL,3,10,25,24,0,0,0,427.0,179,90,21,45,96,0.314,5.69,1.0,2.0,6.0,2,633.0,0.0,94,8.0,4.0,,142.33,1.57,6.07,2.85,1.33,15.17,Randy Wolf
woodtr01,2012,1,CHN,NL,6,13,26,26,0,0,0,468.0,133,74,25,54,119,0.232,4.27,3.0,2.0,8.0,1,649.0,0.0,80,9.0,4.0,,156.0,1.2,6.87,3.12,1.44,18.34,Travis Wood
worleva01,2012,1,PHI,NL,6,9,23,23,0,0,0,399.0,154,62,12,47,107,0.294,4.2,4.0,1.0,6.0,0,590.0,0.0,69,11.0,3.0,,133.0,1.51,7.24,3.18,0.81,18.14,Vance Worley
youngch03,2012,1,NYN,NL,4,9,20,20,0,0,0,345.0,119,53,16,36,80,0.269,4.15,5.0,3.0,2.0,0,493.0,0.0,58,9.0,4.0,,115.0,1.35,6.26,2.82,1.25,16.23,Chris Young
zambrca01,2012,1,MIA,NL,7,10,35,20,1,1,0,397.0,123,66,9,75,95,0.251,4.49,1.0,1.0,10.0,0,591.0,5.0,75,7.0,8.0,,132.33,1.5,6.46,5.1,0.61,16.07,Carlos Zambrano
zimmejo02,2012,1,WAS,NL,12,8,32,32,0,0,0,587.0,186,64,18,43,153,0.251,2.94,2.0,3.0,8.0,0,805.0,0.0,69,8.0,4.0,,195.67,1.17,7.04,1.98,0.83,19.01,Jordan Zimmermann
zitoba01,2012,1,SFN,NL,15,8,32,32,1,1,0,553.0,186,85,20,70,114,0.263,4.15,6.0,1.0,5.0,0,799.0,0.0,91,12.0,4.0,,184.33,1.39,5.57,3.42,0.98,14.27,Barry Zito
